iteration,scenario,incremental_costs,incremental_qalys,icer
0,Realistic Treatment,796553.9467032745,9.264318114654401,85980.85005773675
1,Realistic Treatment,980290.9238614643,12.305798643246519,79660.8942077443
2,Realistic Treatment,1139884.8781731636,12.559557181154261,90758.36526176035
3,Realistic Treatment,1149137.822199787,11.659128400153271,98561.21167553832
4,Realistic Treatment,921112.0618904359,10.124780870754638,90975.99974247956
5,Realistic Treatment,1259941.5760899936,9.716562753340277,129669.4734623992
6,Realistic Treatment,1117925.5345119,13.730110756826939,81421.45058487898
7,Realistic Treatment,1299205.054486726,7.291378830471917,178183.7269320209
8,Realistic Treatment,1314935.7970499294,7.507356827561267,175152.96358666365
9,Realistic Treatment,915524.0673777116,8.628301115069796,106107.10673723466
10,Realistic Treatment,946970.6224509091,13.977657826588876,67748.87711513031
11,Realistic Treatment,842846.5576515789,11.505814477745824,73253.96731207387
12,Realistic Treatment,1357726.614905105,9.120342382539175,148867.94354392463
13,Realistic Treatment,1059078.229334922,13.238080583702008,80002.40084947062
14,Realistic Treatment,1062879.8467704952,11.15488444820295,95283.80609462297
15,Realistic Treatment,1294699.3454055828,10.661423900663287,121437.75141752264
16,Realistic Treatment,1902920.6586635422,14.485101064691342,131370.89276526155
17,Realistic Treatment,1342311.4651304372,9.67846261207469,138690.56676995286
18,Realistic Treatment,1376418.293332569,9.37261634379033,146855.29022475053
19,Realistic Treatment,1389553.932258258,15.201110501747248,91411.3434080056
20,Realistic Treatment,1215466.3739859872,11.048742010634008,110009.48097223607
21,Realistic Treatment,1618861.623706331,12.465034077182217,129872.21805271492
22,Realistic Treatment,988996.6048944856,12.919686063918293,76549.58487393321
23,Realistic Treatment,915949.0611093037,11.96556407619835,76548.75735706354
24,Realistic Treatment,666568.8968654505,8.603723121341122,77474.4709313179
25,Realistic Treatment,1325497.5011833333,9.676795649486914,136976.90322246437
26,Realistic Treatment,1137244.3191356864,13.752891699481477,82691.28732967218
27,Realistic Treatment,948242.7477990086,9.228050261840238,102756.56513490988
28,Realistic Treatment,548443.879338094,14.169512309111868,38705.91078744544
29,Realistic Treatment,1614833.9887770093,13.61568666338613,118600.99521234215
30,Realistic Treatment,1006843.2696591159,13.91767973790931,72342.75314703873
31,Realistic Treatment,975933.945952344,14.069527574403129,69365.08285664638
32,Realistic Treatment,933192.7932973646,11.26728938219256,82823.185030841
33,Realistic Treatment,915661.9798125373,12.950971222544686,70702.18627453814
34,Realistic Treatment,952368.1822257272,9.18216386719614,103719.36245094935
35,Realistic Treatment,1202818.6614439476,8.289516258538644,145101.18852894224
36,Realistic Treatment,877967.9447236643,15.971944130970215,54969.3849117122
37,Realistic Treatment,869826.7317025994,9.994056202621845,87034.40465688083
38,Realistic Treatment,918717.3771976288,15.881095203912587,57849.74936560337
39,Realistic Treatment,941748.6967305574,5.503861610565419,171106.89973068022
40,Realistic Treatment,490916.19746398437,9.59580735441336,51159.446968076045
41,Realistic Treatment,583733.2586910124,10.114624893262555,57711.80492119313
42,Realistic Treatment,812917.8533851809,13.312512386567104,61064.195080520636
43,Realistic Treatment,1273786.1722065946,16.701900744728853,76265.94072585442
44,Realistic Treatment,877420.1857331432,10.477326354479235,83744.66500778905
45,Realistic Treatment,1296651.3329796721,6.851014411725389,189264.13740430563
46,Realistic Treatment,827634.6005381607,11.462375532343172,72204.45693851501
47,Realistic Treatment,1155293.1384066152,14.478879513137265,79791.61214501245
48,Realistic Treatment,987461.6637341867,9.521895428937079,103704.31718177524
49,Realistic Treatment,1050523.316143316,10.925087682773643,96156.96886348567
50,Realistic Treatment,1141284.43650682,15.049353969771516,75836.10823422922
51,Realistic Treatment,1027485.6780699035,10.735950718918827,95705.14106955376
52,Realistic Treatment,871997.8911728091,14.480918710910682,60217.0282549684
53,Realistic Treatment,1150688.2801908115,10.779067136926148,106752.12108558697
54,Realistic Treatment,1084989.0127061747,12.161574045008251,89214.52179551637
55,Realistic Treatment,907267.7465939657,13.015223637317742,69708.19494738555
56,Realistic Treatment,1659870.560937001,10.464589316719124,158617.84067197453
57,Realistic Treatment,1505838.3369287169,11.183586600247736,134647.17453838646
58,Realistic Treatment,605783.021543541,9.636635496847248,62862.5023476016
59,Realistic Treatment,817898.3211919274,12.727724865628414,64261.15663457538
60,Realistic Treatment,978827.0929369684,12.347372610462369,79274.11958942369
61,Realistic Treatment,1497526.4562562725,10.758046553351654,139200.59267541656
62,Realistic Treatment,1607966.3635065262,6.999359754307537,229730.49249496762
63,Realistic Treatment,942815.8010227885,9.861502631929351,95605.69379864694
64,Realistic Treatment,583108.6198048431,11.577834676358679,50364.220608152216
65,Realistic Treatment,1181952.8087513715,13.870222827323525,85215.12764906659
66,Realistic Treatment,1447435.2142452642,6.156542535681773,235105.2081352957
67,Realistic Treatment,1437811.9718569098,11.686980245931029,123026.81630333913
68,Realistic Treatment,780899.9597540218,10.94758050447887,71330.82596967799
69,Realistic Treatment,1010058.0097059296,9.903060639258207,101994.52941869377
70,Realistic Treatment,679359.8199303579,12.706949311924571,53463.64444004092
71,Realistic Treatment,1244233.605572535,13.070729187133693,95192.36362094543
72,Realistic Treatment,893141.1814692765,11.181705996998172,79875.21597411417
73,Realistic Treatment,1617533.9526528036,9.907161371526552,163269.16378909902
74,Realistic Treatment,1536934.8533286967,14.63349799194079,105028.53481615563
75,Realistic Treatment,998715.3600741639,11.385452406867605,87718.54858149927
76,Realistic Treatment,592665.3513403623,11.231170162913376,52769.688531424086
77,Realistic Treatment,1271775.0808368865,15.027430786309871,84630.2404530444
78,Realistic Treatment,1127680.3186143353,9.732960304498352,115862.00737848968
79,Realistic Treatment,913786.6057867531,11.603260366633698,78752.57271778845
80,Realistic Treatment,1150031.5708064572,11.694844080137464,98336.6313330908
81,Realistic Treatment,952747.3870784715,10.90538811858054,87364.83073492687
82,Realistic Treatment,966653.4470222238,8.681134730585539,111351.0476477795
83,Realistic Treatment,935474.9237796534,12.960957531466672,72176.37443132601
84,Realistic Treatment,1530295.8817313702,10.836153864835108,141221.3134678165
85,Realistic Treatment,1039361.2859785557,9.259623400588094,112246.60453388894
86,Realistic Treatment,1194121.9090882188,13.33874965621316,89522.77686177276
87,Realistic Treatment,1157162.3671921007,10.14684030293887,114041.64573842236
88,Realistic Treatment,1410953.3100566887,12.583050198532113,112131.26291280986
89,Realistic Treatment,1723358.6084687272,11.286555185884662,152691.28446064892
90,Realistic Treatment,1277360.9586829194,9.582439609724126,133302.27068550178
91,Realistic Treatment,1196317.761764519,14.484101408128765,82595.23515163471
92,Realistic Treatment,796725.977516165,11.884498932900868,67039.08864937678
93,Realistic Treatment,747568.7916819968,7.984410642938837,93628.55007252455
94,Realistic Treatment,1294335.6252314462,8.742770007247692,148046.39995773096
95,Realistic Treatment,707792.6782958237,10.123955372310057,69912.66281474347
96,Realistic Treatment,1322064.8195896824,12.16114715942301,108712.18004835065
97,Realistic Treatment,1103947.8533164943,9.48198038291368,116425.87399840904
98,Realistic Treatment,976426.8407636005,14.23376479893956,68599.33788117293
99,Realistic Treatment,825256.7190208493,12.230458017833163,67475.53671477774
100,Realistic Treatment,947873.3586901729,9.748750582310421,97230.23998686917
101,Realistic Treatment,667782.4417735941,9.192531211031557,72644.02224408196
102,Realistic Treatment,1027278.176766295,11.640307104761721,88251.8104995756
103,Realistic Treatment,1077668.7126135994,13.653808109166768,78928.06929739141
104,Realistic Treatment,753194.9903470054,8.51243950863934,88481.68490155874
105,Realistic Treatment,1179616.3375099206,10.308759114573835,114428.54803370638
106,Realistic Treatment,1193163.7326013139,9.985286541780034,119492.18759110478
107,Realistic Treatment,1329971.1237940795,9.370566203112752,141930.71101213546
108,Realistic Treatment,657319.5386442763,11.8914841697732,55276.492762367525
109,Realistic Treatment,1160628.3537403771,13.757019299610631,84366.26630110395
110,Realistic Treatment,952885.3390483186,9.901301386033325,96238.39350981165
111,Realistic Treatment,954664.21226084,9.982536167494509,95633.43385315765
112,Realistic Treatment,94613.28659401461,10.868952913851267,8704.912731146396
113,Realistic Treatment,806024.6841808967,8.788750876849004,91710.94908425456
114,Realistic Treatment,911766.7194495583,14.215495101714637,64138.935220032065
115,Realistic Treatment,419234.81933472445,9.547742764345726,43909.31235603447
116,Realistic Treatment,598680.7523947235,10.645035600869114,56240.37108394867
117,Realistic Treatment,1114088.5921991712,16.84813436112071,66125.338765702
118,Realistic Treatment,1155705.0370553152,13.045822493517088,88588.13138302504
119,Realistic Treatment,1229507.0041822032,9.925488345889839,123873.7038758747
120,Realistic Treatment,830031.1125563825,12.214355051088514,67955.37783899708
121,Realistic Treatment,1491460.7371778544,7.718017752046315,193244.01486151238
122,Realistic Treatment,1505146.5034904866,6.749558408335677,222999.25601527307
123,Realistic Treatment,762264.6322664581,13.399126618696286,56889.1282214501
124,Realistic Treatment,1119243.8221717605,10.856815188771968,103091.35807426045
125,Realistic Treatment,578632.3155330527,11.52487460579022,50207.25477068024
126,Realistic Treatment,865875.7247453942,13.227339668597672,65461.06370890467
127,Realistic Treatment,895627.663755226,11.32111390597585,79111.26689419395
128,Realistic Treatment,1245377.0879576728,9.372493035545617,132875.75496023547
129,Realistic Treatment,916021.6524484502,15.85434321677895,57777.33204860907
130,Realistic Treatment,832092.8767953594,13.782250777380302,60374.237142818965
131,Realistic Treatment,1276519.7031830545,10.233813865012095,124735.481807744
132,Realistic Treatment,1261190.42933845,13.235980242282805,95285.00392509901
133,Realistic Treatment,723312.7914348256,14.49618944513536,49896.7535001107
134,Realistic Treatment,625646.0595373476,10.56841244668966,59199.62555334586
135,Realistic Treatment,1145970.0084324821,9.984939901257874,114769.84536362768
136,Realistic Treatment,1346767.58149624,6.496430954613535,207308.84248678322
137,Realistic Treatment,1298987.0010606789,8.579539420109557,151405.2138994766
138,Realistic Treatment,596915.4359626253,7.704618811675807,77475.01213921732
139,Realistic Treatment,1206641.3356550506,8.958515246786208,134692.1116295385
140,Realistic Treatment,1298719.388369316,12.396257686490024,104767.05318773071
141,Realistic Treatment,757979.8806331949,9.986929911082512,75897.1863607517
142,Realistic Treatment,700942.6658025775,8.519768614253056,82272.50029184396
143,Realistic Treatment,733224.0017870404,12.19391298383825,60130.3291862794
144,Realistic Treatment,927003.4068549543,11.65094575640876,79564.64876210102
145,Realistic Treatment,1171281.690722505,9.933828691832097,117908.38427539718
146,Realistic Treatment,1309367.9689657777,14.113651719041032,92773.1529040979
147,Realistic Treatment,1231101.7277795083,7.638346065137711,161173.861105665
148,Realistic Treatment,879584.2997463709,11.663013659138755,75416.55402736817
149,Realistic Treatment,1346980.7770156572,11.80151098895631,114136.29816352695
150,Realistic Treatment,928506.763076094,10.209513323575703,90945.25210442654
151,Realistic Treatment,1043562.6095222493,9.322286075577544,111942.77895592229
152,Realistic Treatment,1222013.2955527192,10.920340229076354,111902.49295521056
153,Realistic Treatment,1080288.4599191123,9.203948003854379,117372.29061558312
154,Realistic Treatment,1369072.92449432,10.302678869853601,132885.1400484129
155,Realistic Treatment,1038162.8644930138,12.405364210307017,83686.60902599333
156,Realistic Treatment,1326065.8004818626,10.61210016173654,124957.90468159963
157,Realistic Treatment,1026435.6938301502,11.548748466089162,88878.52193197345
158,Realistic Treatment,1017162.8497482201,7.671116781408559,132596.44960866444
159,Realistic Treatment,881267.5329104168,9.678091441430924,91057.98785262559
160,Realistic Treatment,850372.9424946974,9.201838610072889,92413.37286266114
161,Realistic Treatment,1333861.3293520994,11.332939957581093,117697.73195170084
162,Realistic Treatment,1072100.3565074601,10.598829429637536,101152.71347886238
163,Realistic Treatment,1219761.33752725,11.382428135025293,107161.78684000445
164,Realistic Treatment,1644241.2519749617,8.788486818185675,187090.37016162978
165,Realistic Treatment,901050.5123824077,9.89917810333265,91022.75996823015
166,Realistic Treatment,1240467.9069642853,14.18003536171306,87479.88811887045
167,Realistic Treatment,1032161.019075739,11.523695833720623,89568.57539188347
168,Realistic Treatment,97055.72528312402,11.765148835912894,8249.426049491465
169,Realistic Treatment,1068220.8752268462,9.59544344038644,111325.84771755223
170,Realistic Treatment,1445057.5903377896,10.996797084796928,131407.13420415676
171,Realistic Treatment,1321650.5180444953,9.926660319683926,133141.50736313075
172,Realistic Treatment,575204.9487140896,12.279634877185025,46842.186633968486
173,Realistic Treatment,1170796.7015480015,10.94776950800793,106943.85743978283
174,Realistic Treatment,1100526.671302283,11.651273594061575,94455.48269188355
175,Realistic Treatment,1125605.865367271,12.62817058088427,89134.51541992491
176,Realistic Treatment,1035645.5706184935,10.577117122027364,97913.78488772815
177,Realistic Treatment,784915.7008604694,9.217492249003179,85155.01609945521
178,Realistic Treatment,411833.6837999867,16.224360364170245,25383.66225576924
179,Realistic Treatment,548992.2314025424,10.259767325376473,53509.228230221845
180,Realistic Treatment,888928.6958619985,12.033233023557958,73872.80659501116
181,Realistic Treatment,1138248.5500943526,11.116488638079446,102392.81369795953
182,Realistic Treatment,1259313.4850410721,9.31988093011152,135121.1989170771
183,Realistic Treatment,957858.6099987645,9.991912757249633,95863.38804887884
184,Realistic Treatment,1480418.8128374617,10.614006328718716,139477.85284731147
185,Realistic Treatment,1438707.1035915064,6.618425420389038,217379.06106176804
186,Realistic Treatment,660423.584625307,14.04968811459638,47006.2807970225
187,Realistic Treatment,1016975.6559735767,14.545918161880007,69914.84790824207
188,Realistic Treatment,1004501.7830776598,11.044009470466253,90954.44781751459
189,Realistic Treatment,1387970.129903277,10.772560588431407,128843.1026689987
190,Realistic Treatment,1205632.1679058336,10.21792684974038,117991.85741249133
191,Realistic Treatment,1009494.7513054553,9.93399347548992,101620.23498366245
192,Realistic Treatment,1486756.2320486442,14.136777428501816,105169.38811324324
193,Realistic Treatment,1131929.3524884973,13.201966787872184,85739.4485743086
194,Realistic Treatment,1113192.3221684094,16.43540808714632,67731.34663075427
195,Realistic Treatment,453316.1233378928,7.3725597196915444,61486.93812911682
196,Realistic Treatment,1214444.1159848175,10.050793005147455,120830.6762822443
197,Realistic Treatment,724508.6512104641,13.003363258980333,55717.02003403671
198,Realistic Treatment,1255025.772128416,8.939292552851732,140394.30578072413
199,Realistic Treatment,677448.3414115754,8.032803567481055,84335.23062285104
200,Realistic Treatment,815516.4155342623,9.734360934671127,83777.08829653278
201,Realistic Treatment,672339.6411770247,9.61360904403972,69936.23706737526
202,Realistic Treatment,1140138.466887302,12.04441732301916,94661.15597873562
203,Realistic Treatment,1046595.852877015,8.495485615128933,123194.35289410836
204,Realistic Treatment,1493814.2145350103,11.027014800548525,135468.59612999726
205,Realistic Treatment,755829.2575514,12.62632026216664,59861.40394491323
206,Realistic Treatment,957164.3467091813,8.075766699792664,118523.03097534446
207,Realistic Treatment,1157760.6437121814,11.128785341486896,104032.97468558191
208,Realistic Treatment,1145376.9419363204,11.761102850862763,97386.86553976515
209,Realistic Treatment,923142.5306748128,10.525917178977604,87701.86150794689
210,Realistic Treatment,1023639.1080245413,7.45286237189206,137348.45176869538
211,Realistic Treatment,1125585.6118259698,12.063887397049616,93302.06547694126
212,Realistic Treatment,902201.5078672613,9.385490644960276,96127.26089623415
213,Realistic Treatment,1067482.6662351035,11.523364539174455,92636.37044598599
214,Realistic Treatment,1356516.8712210916,9.764305686995698,138926.09620238832
215,Realistic Treatment,1405283.64514096,9.990343107770478,140664.20241842666
216,Realistic Treatment,1275060.5549181048,11.813043773734343,107936.66554873285
217,Realistic Treatment,1039522.7939938421,10.879091850051815,95552.35017056052
218,Realistic Treatment,857714.1456658235,10.595548635809486,80950.42315855456
219,Realistic Treatment,613571.3400818012,10.699578554357483,57345.374583181096
220,Realistic Treatment,1130794.1536549176,14.522278743350993,77866.16505847267
221,Realistic Treatment,662079.8868580903,11.660095626140869,56781.68585288166
222,Realistic Treatment,1013810.2925729458,11.51164618569874,88068.22901075889
223,Realistic Treatment,1275824.701802708,8.594308901410109,148449.94710317862
224,Realistic Treatment,1128971.9974327958,10.288587043818296,109730.51913004102
225,Realistic Treatment,619461.4160770853,15.720621700849552,39404.38411819357
226,Realistic Treatment,1230964.4380247963,11.461199273389774,107402.76027507942
227,Realistic Treatment,1155075.478844553,10.72368758209469,107712.52612517163
228,Realistic Treatment,1256280.9432534357,12.115165852230323,103694.90261845343
229,Realistic Treatment,354289.49402228603,11.159858448008535,31746.773104053897
230,Realistic Treatment,900664.1326142168,8.349937387059903,107864.7768077875
231,Realistic Treatment,995854.226908946,10.44383820753642,95353.27981147042
232,Realistic Treatment,794914.0456339363,14.480337078250152,54896.10092211998
233,Realistic Treatment,1342674.7832681637,13.917919631610033,96470.9395374517
234,Realistic Treatment,1229895.023534427,11.456951139589346,107349.24226782644
235,Realistic Treatment,1550455.6342065884,15.282953172595533,101450.00228010719
236,Realistic Treatment,503312.3329145154,15.666891742594505,32125.857584509275
237,Realistic Treatment,1245319.0764597803,10.660147017588852,116820.06584009109
238,Realistic Treatment,1074284.133481455,11.570275238034384,92848.62385555141
239,Realistic Treatment,924371.4957771932,7.33053678443293,126098.74596635014
240,Realistic Treatment,991105.3174633062,10.361625565132755,95651.52796086471
241,Realistic Treatment,981012.5786741227,12.526475348522832,78315.13265938828
242,Realistic Treatment,1121090.8535640163,11.548709276055979,97074.99139218804
243,Realistic Treatment,1105523.930447858,12.772201641290547,86557.03703219582
244,Realistic Treatment,1307250.1022337484,12.637969170725505,103438.30441221937
245,Realistic Treatment,671702.2729860037,12.164554685545784,55217.991151302595
246,Realistic Treatment,1044887.4129703003,11.537790216543332,90562.17814327219
247,Realistic Treatment,963667.5596518789,12.453674139682875,77380.1810488369
248,Realistic Treatment,1385790.0565726208,11.569461344758833,119779.9979858533
249,Realistic Treatment,815129.083883353,11.873970447985172,68648.40092487073
250,Realistic Treatment,1441361.1457007977,10.442499375435695,138028.36791078662
251,Realistic Treatment,1375980.4426568688,12.80076786538815,107492.02369159172
252,Realistic Treatment,1039320.3025767293,7.474204522527543,139054.30329664884
253,Realistic Treatment,1309731.4889529115,12.345125279639,106093.00912588318
254,Realistic Treatment,759649.7503234432,13.126773104265043,57870.258310218225
255,Realistic Treatment,810033.233859763,14.635429895855546,55347.41648341658
256,Realistic Treatment,1099501.2479608865,10.990364942664325,100042.28737597691
257,Realistic Treatment,959550.8586589177,11.386317302793476,84272.27462065413
258,Realistic Treatment,1328978.7751321313,11.413634968288967,116437.8201006511
259,Realistic Treatment,1031377.3309651683,13.202235654281036,78121.41503706061
260,Realistic Treatment,932301.1259758119,9.771509206268938,95410.14661048383
261,Realistic Treatment,1124721.8276231452,10.267334780939361,109543.69869297708
262,Realistic Treatment,1088676.8667678456,8.892036465927905,122432.79376320457
263,Realistic Treatment,1311220.7058374006,9.9904642396774,131247.22479160197
264,Realistic Treatment,352403.36826854665,10.054388459524226,35049.7068705084
265,Realistic Treatment,1025402.8991286871,8.085999686460113,126812.13688960552
266,Realistic Treatment,1131718.0063319094,8.747833149863006,129371.23821910488
267,Realistic Treatment,1271936.6391718439,7.702773357934834,165127.1016382155
268,Realistic Treatment,533603.5011738432,12.56515881856615,42466.91258572841
269,Realistic Treatment,1020062.9224846486,11.0358611446872,92431.65613548152
270,Realistic Treatment,1436028.5100019702,12.819829589533617,112016.19334896421
271,Realistic Treatment,1233653.631031622,10.310882452418149,119645.78557893468
272,Realistic Treatment,1190626.7555017243,8.424102774338508,141335.73478336592
273,Realistic Treatment,1031271.7411594635,13.600662339952354,75825.11170283757
274,Realistic Treatment,1250365.612791206,13.072191741420994,95650.80114524749
275,Realistic Treatment,1016502.1171430859,8.024843735846767,126669.39701297827
276,Realistic Treatment,1122711.6278109532,13.193085122369865,85098.49041353575
277,Realistic Treatment,807065.1065989458,12.328349762050799,65464.16366959822
278,Realistic Treatment,829348.8791776677,9.88977182338823,83859.25317471412
279,Realistic Treatment,1054197.124334386,9.474955191723065,111261.436387086
280,Realistic Treatment,1314409.5550752492,9.102103691311768,144407.2271259547
281,Realistic Treatment,708374.2396440879,11.759503757742477,60238.44664173801
282,Realistic Treatment,1270219.4952917225,12.421381693215363,102260.72482625056
283,Realistic Treatment,1118558.7212016345,11.077133616816528,100979.0763472887
284,Realistic Treatment,1051437.5405415841,10.38811302681561,101215.45056618369
285,Realistic Treatment,1467769.993416199,10.283388298733435,142732.13757735654
286,Realistic Treatment,1075380.3415282588,11.96510354201721,89876.39244005733
287,Realistic Treatment,396533.392250428,10.128950610300107,39148.51671279689
288,Realistic Treatment,1215171.0239484257,13.34792261197563,91038.2131567189
289,Realistic Treatment,978678.7454700964,9.830399993873733,99556.35030924532
290,Realistic Treatment,931278.0245645973,13.803122406806622,67468.6492749904
291,Realistic Treatment,1138271.3034912413,11.51324153963262,98866.27493854896
292,Realistic Treatment,1325071.4429794396,9.908147318538985,133735.5411036449
293,Realistic Treatment,1420640.7115611983,12.116146205973111,117251.86271364405
294,Realistic Treatment,873535.7045210884,11.190337333522525,78061.60605223814
295,Realistic Treatment,892193.0497627179,13.237993482545718,67396.39590690791
296,Realistic Treatment,843029.710510836,10.122108153195082,83285.98131454765
297,Realistic Treatment,1276405.8099850612,10.166898661305481,125545.24762236237
298,Realistic Treatment,1034271.3276423356,10.39181519185927,99527.49433540371
299,Realistic Treatment,1124393.879410502,9.591530547365053,117227.78485227167
300,Realistic Treatment,939700.6680310685,13.95370337742709,67344.17685495756
301,Realistic Treatment,1032478.7060463652,12.527068923052852,82419.81523278389
302,Realistic Treatment,370057.3432854577,10.65115810958887,34743.390294085286
303,Realistic Treatment,1113682.0382327244,9.309657492010423,119626.53182337694
304,Realistic Treatment,936620.1874954072,10.817226229162735,86585.98495151401
305,Realistic Treatment,1107407.9349796409,10.332976278887774,107172.21302852353
306,Realistic Treatment,1459448.1625037226,11.100659469247002,131474.00535499197
307,Realistic Treatment,730144.3395050776,11.92394947004944,61233.43119987661
308,Realistic Treatment,1361868.7666570358,9.858091285463441,138147.3073459182
309,Realistic Treatment,471104.6405894961,12.804076561145592,36793.33205637642
310,Realistic Treatment,977184.4501993898,10.089882932330639,96847.9472708483
311,Realistic Treatment,1137615.9642801709,10.380072661969862,109596.14651332138
312,Realistic Treatment,1392058.520521608,13.697268342374883,101630.37517597816
313,Realistic Treatment,941181.981477988,11.230375239971917,83806.81512119639
314,Realistic Treatment,953631.2666036263,11.433790344365601,83404.6486669717
315,Realistic Treatment,537282.8911000469,13.070655791850811,41106.03933392752
316,Realistic Treatment,908470.3092580514,11.272712901524073,80590.21082096627
317,Realistic Treatment,1497220.5412933424,11.62535415377528,128789.24129869428
318,Realistic Treatment,956440.9667100972,8.086429562311409,118277.28904828425
319,Realistic Treatment,522097.8168941268,9.153328534828294,57039.12133248048
320,Realistic Treatment,1245967.7673871252,13.451908583789479,92623.86520293531
321,Realistic Treatment,1176318.4094453694,14.499386103825568,81128.84235388458
322,Realistic Treatment,834670.3736053561,10.601871450756946,78728.58838953031
323,Realistic Treatment,284182.9480585214,9.397308365406737,30240.887816840444
324,Realistic Treatment,764929.1987360064,10.1212105912579,75576.84842529676
325,Realistic Treatment,688715.0498729795,11.81025556281767,58314.9997228906
326,Realistic Treatment,1384316.8467364912,8.183497630144876,169159.55857764257
327,Realistic Treatment,1226703.0651924915,13.160134535173285,93213.5657058721
328,Realistic Treatment,1283080.3138940088,13.716772128023488,93540.98048130903
329,Realistic Treatment,791418.9035137407,8.078266725758557,97968.89981240695
330,Realistic Treatment,1031147.5576183111,8.27450166887283,124617.48137622603
331,Realistic Treatment,1306980.1557725102,11.714952636364668,111565.12504501994
332,Realistic Treatment,893105.7293893697,15.171355201505321,58867.89397039195
333,Realistic Treatment,1242176.9597829115,8.149778792732793,152418.48783559233
334,Realistic Treatment,570585.3514260091,12.537029596347468,45512.004820682814
335,Realistic Treatment,642275.9157168302,11.576801970229253,55479.56312706205
336,Realistic Treatment,1245867.1432975696,10.946965900337887,113809.35636778726
337,Realistic Treatment,1224061.3746377472,8.687936665985323,140892.06927925078
338,Realistic Treatment,997006.3838824558,12.247519068941822,81404.76273360042
339,Realistic Treatment,437929.6799862939,12.037191246893155,36381.38424520963
340,Realistic Treatment,1355840.9917296073,14.085880898627313,96255.32130274762
341,Realistic Treatment,1391779.1751158126,11.335977990261107,122775.3949691424
342,Realistic Treatment,1005864.0565880341,7.894988890884473,127405.37960090119
343,Realistic Treatment,773418.5583373341,9.413746541596403,82158.42172081427
344,Realistic Treatment,1116174.8529006904,13.397684247591368,83311.02840413305
345,Realistic Treatment,1065730.2354616728,10.36961186903082,102774.36117397128
346,Realistic Treatment,690552.526566247,12.436067141270051,55528.20829300567
347,Realistic Treatment,1040332.7399947387,11.277727730556355,92246.66216901272
348,Realistic Treatment,1540010.6343887637,12.935005394233281,119057.59506488768
349,Realistic Treatment,988134.8052047542,13.51201065662252,73130.10848762532
350,Realistic Treatment,474778.33836983703,15.522090633463153,30587.267500312788
351,Realistic Treatment,1207373.855534138,8.319961609438757,145117.7195534661
352,Realistic Treatment,1241459.9355700347,10.253675673269434,121074.62485930073
353,Realistic Treatment,981342.9919517208,11.816130385853178,83051.13094610316
354,Realistic Treatment,1098304.0041656047,13.593945987974244,80793.61247552469
355,Realistic Treatment,1651687.1156241891,12.157764039803055,135854.5132325948
356,Realistic Treatment,1002997.1247687093,12.277756159446687,81692.21735170139
357,Realistic Treatment,1620773.227271291,9.713862161282758,166851.57771039038
358,Realistic Treatment,914410.5197289225,13.622439969040812,67125.3110167538
359,Realistic Treatment,967424.0168442042,9.621495704408668,100548.19401945174
360,Realistic Treatment,1139279.5594267908,11.595089375658384,98255.34952912781
361,Realistic Treatment,1276901.6868030173,12.794435662284567,99801.32930497808
362,Realistic Treatment,1324345.6132723945,9.857076537122182,134354.80675074915
363,Realistic Treatment,470650.9437622251,12.44976533678617,37804.00120246128
364,Realistic Treatment,1000231.3987056161,13.445396156915915,74392.11065500116
365,Realistic Treatment,1245406.2656641393,10.717820666858302,116199.58052808169
366,Realistic Treatment,878059.9687222359,12.038898825379125,72935.23946485897
367,Realistic Treatment,1075858.2982032888,10.012024358344764,107456.62012963329
368,Realistic Treatment,1287052.9488097802,13.331967625781534,96538.85944943794
369,Realistic Treatment,685162.3505619965,11.202741065880343,61160.24163485872
370,Realistic Treatment,1150742.8508855305,6.082201601524112,189198.40647787324
371,Realistic Treatment,959174.5378017835,10.736208947796648,89340.15186046014
372,Realistic Treatment,1096502.2540853305,12.186545418030683,89976.46309699822
373,Realistic Treatment,901745.1040272657,12.315958136948353,73217.61685126189
374,Realistic Treatment,1337129.5702786073,12.223212565365593,109392.64641992374
375,Realistic Treatment,864518.7283694232,9.783647488522142,88363.64243332035
376,Realistic Treatment,1031253.399141774,14.610043451012173,70585.23833961147
377,Realistic Treatment,796907.6467301815,10.896469794659904,73134.47949176408
378,Realistic Treatment,1258685.9065850107,10.537330079461235,119450.17353479035
379,Realistic Treatment,1077530.3862094989,11.587039398248972,92994.45260989919
380,Realistic Treatment,674351.6425146027,9.1531669815051,73674.13310356934
381,Realistic Treatment,1098593.3378100267,7.208742781867009,152397.35569057154
382,Realistic Treatment,1020875.5901536909,14.063410747118347,72590.89622784947
383,Realistic Treatment,1513122.2896365663,12.440477302399241,121628.9578652058
384,Realistic Treatment,513001.32489502616,13.669465049469355,37528.99788239633
385,Realistic Treatment,836311.1695729101,9.986026054887764,83748.14615705602
386,Realistic Treatment,1253272.2552289905,11.67658463811025,107332.09188057762
387,Realistic Treatment,839076.1462700935,9.85276687913294,85161.47358029582
388,Realistic Treatment,1271972.9728120281,13.018581393818952,97704.42218965146
389,Realistic Treatment,1055234.779235661,10.995137357245522,95972.86008803589
390,Realistic Treatment,1135158.9351642367,11.523084362324758,98511.72650229742
391,Realistic Treatment,932353.3302862647,9.17067990899303,101666.76184739285
392,Realistic Treatment,1229034.7832277156,11.114391083033663,110580.48741004457
393,Realistic Treatment,1275993.3629872766,7.836626607816953,162824.31546687277
394,Realistic Treatment,708405.2680648551,9.463532903373265,74856.32218939556
395,Realistic Treatment,720846.7885164609,10.757686312719958,67007.60438274975
396,Realistic Treatment,1444528.206341527,12.0601522134193,119776.9464911234
397,Realistic Treatment,537289.9661511423,10.487701302233743,51230.47946042347
398,Realistic Treatment,931782.1732631344,12.554784539769948,74217.29702421547
399,Realistic Treatment,1206904.731133028,9.825125271589057,122838.60996897299
400,Realistic Treatment,1098519.7985573625,7.067171574576324,155439.80883515178
401,Realistic Treatment,1169308.1700044465,12.7345951337388,91821.38558190226
402,Realistic Treatment,1122338.8303990513,11.214897219268167,100075.71255051502
403,Realistic Treatment,1453579.1430515088,9.472441831750071,153453.47787508706
404,Realistic Treatment,254288.7072977824,10.639766259298533,23899.839629987076
405,Realistic Treatment,1207560.7507863115,8.054504298153915,149923.65837623095
406,Realistic Treatment,1189076.0330491227,10.990214410259291,108194.07053051924
407,Realistic Treatment,1085615.8163112234,14.365983354077994,75568.50022404178
408,Realistic Treatment,1221209.986121387,10.611638442678313,115082.13295412288
409,Realistic Treatment,1131042.4966309457,8.810464587395089,128374.89844168944
410,Realistic Treatment,1240138.2227844205,9.868998494645066,125659.98702475447
411,Realistic Treatment,970933.173388138,14.783425269724837,65677.1455649405
412,Realistic Treatment,736896.2798032747,12.555001793324397,58693.442815363735
413,Realistic Treatment,901740.4273951158,9.181089323002308,98217.15002117393
414,Realistic Treatment,796687.6855070421,10.292101128768966,77407.68143835112
415,Realistic Treatment,1030639.5623147944,11.819483233426794,87198.36070328631
416,Realistic Treatment,824354.2018986908,12.597012690943306,65440.45180579717
417,Realistic Treatment,1364165.9485237065,8.50470874703585,160401.25406988923
418,Realistic Treatment,1216298.0879230103,14.191149140436195,85708.2168530874
419,Realistic Treatment,965171.7795075276,11.510474550475283,83851.60622831786
420,Realistic Treatment,1172634.7873163256,13.03799457619212,89939.81248140737
421,Realistic Treatment,1032940.6515385972,12.276272464849654,84141.22890284412
422,Realistic Treatment,818858.000353327,10.239302055883206,79972.05238054629
423,Realistic Treatment,1096426.491651446,13.981220539644001,78421.37162077583
424,Realistic Treatment,978352.496838354,11.234483038248204,87084.78116060326
425,Realistic Treatment,1189315.553229704,10.829770263851369,109819.09350372037
426,Realistic Treatment,554652.7791506094,8.053020950131163,68875.11936021667
427,Realistic Treatment,850096.9776564073,11.64112286123335,73025.34195282443
428,Realistic Treatment,996911.252731841,12.414578184978403,80301.66131122362
429,Realistic Treatment,999687.1141467243,8.47997221277267,117888.01768017346
430,Realistic Treatment,973171.6191775072,14.780151346866148,65843.14303275723
431,Realistic Treatment,1300473.5974335806,13.055753991574552,99609.2296372031
432,Realistic Treatment,980377.96208223,8.516823969768913,115110.74616102822
433,Realistic Treatment,1025806.9890438865,11.844911205319411,86603.18100005754
434,Realistic Treatment,1384472.2904875882,12.186371506234561,113608.24588182714
435,Realistic Treatment,1007240.797653785,9.257679568910586,108800.56823702679
436,Realistic Treatment,856816.6773754498,8.922249141574117,96031.46737777433
437,Realistic Treatment,1004207.1835525739,8.294911334247072,121063.04010827931
438,Realistic Treatment,515776.9016214842,14.570753425881442,35398.094151077355
439,Realistic Treatment,993695.3248423808,9.984314090239977,99525.64751681374
440,Realistic Treatment,1335646.3411265188,12.559027273328738,106349.50558336587
441,Realistic Treatment,1331590.6506459704,9.117422600592779,146049.02163462245
442,Realistic Treatment,756184.6047232901,10.934109632903976,69158.31559322457
443,Realistic Treatment,1148628.8287530728,8.81161183712442,130353.9976549757
444,Realistic Treatment,1040628.941980022,9.732304553132863,106925.2340284645
445,Realistic Treatment,1316146.3454528742,11.66690222363993,112810.26618925865
446,Realistic Treatment,1255334.3094302458,8.747350509141576,143510.23296921005
447,Realistic Treatment,755123.8958046257,14.242459469771578,53019.2062267976
448,Realistic Treatment,1215836.5699326298,11.389424232577456,106751.3638182817
449,Realistic Treatment,1242439.4649981312,8.510303018443992,145992.38855601836
450,Realistic Treatment,1120893.231917,14.367197149604014,78017.5298108089
451,Realistic Treatment,1050741.8707845677,10.635914295342001,98791.87078864862
452,Realistic Treatment,1040010.496649716,12.457691660133197,83483.40326787285
453,Realistic Treatment,839595.8980240505,9.649561306310595,87008.71173023936
454,Realistic Treatment,1242311.6178962113,9.780393317711884,127020.61947206529
455,Realistic Treatment,1258741.8710576613,10.56222488600201,119173.93206859824
456,Realistic Treatment,1177510.1847810757,6.995630760285843,168320.80267383385
457,Realistic Treatment,1300577.5426075761,9.757545073600571,133289.42195986782
458,Realistic Treatment,1185991.5364998968,10.486703918645873,113094.78609300162
459,Realistic Treatment,1103391.8379157337,10.270466596569381,107433.46736401411
460,Realistic Treatment,1149079.3325910391,7.934306099873066,144824.17468232318
461,Realistic Treatment,877757.6744885664,11.191228206432115,78432.64906206439
462,Realistic Treatment,1417107.7596232165,8.948900714455771,158355.51257531167
463,Realistic Treatment,760459.2749960904,9.30735195134806,81705.22388872883
464,Realistic Treatment,735992.5704841628,10.3607239894094,71036.78963328093
465,Realistic Treatment,1211043.795343095,10.865025318880214,111462.58382285199
466,Realistic Treatment,1347356.0595549548,13.617304991274867,98944.39908765044
467,Realistic Treatment,917790.6504741213,10.93644630235444,83920.37277013245
468,Realistic Treatment,904643.5990132983,12.789674666145762,70732.33859559287
469,Realistic Treatment,1377279.8548083692,14.980523673528843,91938.03132810873
470,Realistic Treatment,539476.7923377713,14.163263907595066,38089.863738857275
471,Realistic Treatment,1284248.8343733065,10.198813079127378,125921.40128556883
472,Realistic Treatment,791411.5074291525,9.645259547298412,82051.86221772776
473,Realistic Treatment,1033671.4084333063,14.747425670688418,70091.6506728224
474,Realistic Treatment,417873.40846878383,14.322239192356045,29176.54166059508
475,Realistic Treatment,801367.4118983382,7.832134222270273,102317.88541361957
476,Realistic Treatment,1479292.3311837986,10.312596591155351,143445.18551734302
477,Realistic Treatment,1431375.909227415,10.0791089783697,142014.1316359634
478,Realistic Treatment,1103392.408202494,7.680500187327201,143661.53001637675
479,Realistic Treatment,1154266.1250501403,12.014035266063633,96076.4721833826
480,Realistic Treatment,1041184.5908223095,11.003802033674061,94620.44006572047
481,Realistic Treatment,985047.041217172,9.032014412000759,109061.72159206794
482,Realistic Treatment,901532.3685721839,7.396097416048995,121892.98191447883
483,Realistic Treatment,887771.1277868145,16.93844335861554,52411.612389119575
484,Realistic Treatment,847431.9746005689,13.937672856140153,60801.5400668009
485,Realistic Treatment,978040.441353173,7.615071406412241,128434.83523077903
486,Realistic Treatment,1069468.2476842906,12.191535898817673,87722.19157292618
487,Realistic Treatment,539591.5021929839,10.400047291654712,51883.56235898726
488,Realistic Treatment,623071.1196045475,10.262197901721223,60715.172867602094
489,Realistic Treatment,794442.6526511437,10.186215388595334,77991.93540916243
490,Realistic Treatment,623762.1241600919,12.682816111055129,49181.67374644675
491,Realistic Treatment,1184465.3156590252,11.419380850746117,103724.12752847584
492,Realistic Treatment,879430.4877520707,8.386936759800065,104857.17407186402
493,Realistic Treatment,849400.716137589,11.15291471409406,76159.52761336838
494,Realistic Treatment,1067216.321712851,12.406798891523842,86018.66855776626
495,Realistic Treatment,844515.5575434878,14.820632774642455,56982.422436673696
496,Realistic Treatment,1344361.8733993247,18.258149776979003,73630.78350328677
497,Realistic Treatment,1335830.1048404197,13.950960799439326,95751.83559358187
498,Realistic Treatment,611709.9627053174,10.548782308572612,57988.68009705755
499,Realistic Treatment,711624.5620675865,10.660567193710445,66752.97375241281
500,Realistic Treatment,1048549.8756572418,12.104030212287983,86628.16080818739
501,Realistic Treatment,722241.87444183,14.493883969389442,49830.80283843714
502,Realistic Treatment,1048420.7327198095,11.838314649635096,88561.654572353
503,Realistic Treatment,1461307.9772857632,13.471741335485927,108472.0928716565
504,Realistic Treatment,1228243.3814027922,9.339183024097405,131515.0777357741
505,Realistic Treatment,1052097.5038440002,11.67175671006779,90140.45871402416
506,Realistic Treatment,1263140.8230466237,8.816242783945803,143274.27839745715
507,Realistic Treatment,625891.744631811,12.430805538551432,50350.05516663778
508,Realistic Treatment,1165695.9746444027,8.507052118134457,137027.01693333843
509,Realistic Treatment,887517.7909038307,13.297767992901116,66741.8615949401
510,Realistic Treatment,1446441.2020451748,10.597099642232811,136494.06449672766
511,Realistic Treatment,1335887.4447009466,12.60925185223995,105945.02039894104
512,Realistic Treatment,598048.156982532,13.749768774298538,43495.14284926891
513,Realistic Treatment,631156.7655147174,9.737270963465493,64818.650716698234
514,Realistic Treatment,874535.1604394303,8.120474879833424,107695.0761354205
515,Realistic Treatment,577004.6642092469,9.771645322863497,59048.87510184012
516,Realistic Treatment,1292232.0531583875,13.970791413091465,92495.26493878428
517,Realistic Treatment,1452319.5441539283,11.071763138612543,131173.28522762505
518,Realistic Treatment,750434.2345435154,11.050901457078002,67907.06056498848
519,Realistic Treatment,484588.39755462296,10.379379654009561,46687.60693876595
520,Realistic Treatment,872909.4755273289,11.728305118233862,74427.58921493494
521,Realistic Treatment,965977.2472716128,9.747475558732905,99100.24820797624
522,Realistic Treatment,1192476.7200017576,11.671500591018464,102169.95755622038
523,Realistic Treatment,840238.1500115446,13.24368136970429,63444.455250459236
524,Realistic Treatment,1320123.1474606306,9.48529379266802,139175.7784541228
525,Realistic Treatment,865224.6478926991,13.49432700691844,64117.658290710235
526,Realistic Treatment,981798.5963388183,9.656915796631813,101667.9255587229
527,Realistic Treatment,1312325.7050172128,9.408623063793998,139481.16489725985
528,Realistic Treatment,952529.0568592842,9.857681566140698,96628.10169594483
529,Realistic Treatment,1274337.1237309244,9.039732562529048,140970.6664346719
530,Realistic Treatment,1043003.14792743,7.786772457729207,133945.50227188642
531,Realistic Treatment,805090.0047106845,8.327886758669557,96673.98561496576
532,Realistic Treatment,1431716.6602154742,9.694065885200615,147690.00718276482
533,Realistic Treatment,738666.7875824128,10.818999466005078,68274.96293935635
534,Realistic Treatment,789312.4881004568,9.436439653199042,83645.15824915729
535,Realistic Treatment,1285226.0061980672,8.581225754062675,149771.84414354706
536,Realistic Treatment,968724.5353990891,8.825896198176213,109759.33929511506
537,Realistic Treatment,904040.4150362138,12.373574219354428,73062.18874269465
538,Realistic Treatment,1001344.6221405338,9.552735362355751,104822.81610003664
539,Realistic Treatment,810924.7265220508,9.678657760777831,83784.83324498503
540,Realistic Treatment,134304.26638959674,11.332711007400487,11851.027199219443
541,Realistic Treatment,1032789.859006892,8.246179205639622,125244.65370587137
542,Realistic Treatment,1490841.4034428992,10.45394789951731,142610.37244233213
543,Realistic Treatment,1256236.1170341019,7.299220564874865,172105.5153586304
544,Realistic Treatment,1363909.1519693956,9.602257465724218,142040.46879996124
545,Realistic Treatment,1224177.1880870825,8.828504944839963,138661.8907431867
546,Realistic Treatment,1131971.1264195275,11.168975687222108,101349.59177273182
547,Realistic Treatment,241110.36611085339,7.875906506474738,30613.665349206203
548,Realistic Treatment,884211.6976790191,9.531327627808238,92768.99632526288
549,Realistic Treatment,974854.2449362599,8.27063997873799,117869.26373804173
550,Realistic Treatment,1121439.2267726867,10.07475672474424,111311.79217641662
551,Realistic Treatment,829474.3514080357,12.747503057991125,65069.55500497462
552,Realistic Treatment,989970.8610167953,12.395266552962141,79866.84729907793
553,Realistic Treatment,966647.6329397075,9.775045730362521,98889.32078723462
554,Realistic Treatment,1169498.749267668,14.14287034984719,82691.75353645974
555,Realistic Treatment,870630.9981568672,7.596915442050079,114603.22347907054
556,Realistic Treatment,1003014.254666368,8.478030203560866,118307.46418491066
557,Realistic Treatment,678906.8338943883,12.928333809948345,52513.09595455912
558,Realistic Treatment,1114558.6240606233,11.389400163209384,97859.29092744733
559,Realistic Treatment,312421.3866998316,8.912966713004982,35052.45747681016
560,Realistic Treatment,1094125.5590055403,14.048130157440712,77884.07045944313
561,Realistic Treatment,663283.0540396408,12.729245560572238,52107.0200809154
562,Realistic Treatment,302534.20059289224,7.708410254737926,39247.28842849815
563,Realistic Treatment,818828.0173868202,14.101104304421881,58068.36115169
564,Realistic Treatment,921634.7035656311,8.890703797360676,103662.7385831064
565,Realistic Treatment,1521545.6336049,9.948339995366636,152944.67562563688
566,Realistic Treatment,1055549.3622152915,13.513127004019179,78112.88696549229
567,Realistic Treatment,825986.9580828613,10.195657031159442,81013.6076133713
568,Realistic Treatment,1256125.2390459315,8.087610956302338,155314.74570584844
569,Realistic Treatment,1456479.7562697802,9.013447655870976,161589.6393785669
570,Realistic Treatment,897557.4025528883,10.968041854389542,81833.87832292735
571,Realistic Treatment,1193467.2214188017,11.40527901258178,104641.65059900976
572,Realistic Treatment,913281.6917010648,9.491180828558399,96224.24313664476
573,Realistic Treatment,775657.2585702706,10.848578504654235,71498.51551864603
574,Realistic Treatment,1442158.1013496828,12.973469917400408,111162.0954556974
575,Realistic Treatment,1014406.8417748464,14.590457571079291,69525.36182179571
576,Realistic Treatment,1824799.0130439748,10.894807199495347,167492.5475623378
577,Realistic Treatment,900849.4606346926,9.794832628391644,91971.90955805195
578,Realistic Treatment,927665.9531427121,13.35707747239797,69451.26694516133
579,Realistic Treatment,1148299.3214304075,14.336364825524068,80096.96568170525
580,Realistic Treatment,924359.9633568535,7.503354844211977,123192.88938732476
581,Realistic Treatment,1087537.2207995239,12.65532170296037,85935.16990920302
582,Realistic Treatment,1173618.103497475,7.405154366953791,158486.64934452384
583,Realistic Treatment,432421.94306153106,12.816865109265116,33738.510889760386
584,Realistic Treatment,814805.0480907732,10.882507738912222,74872.91235064338
585,Realistic Treatment,1109382.0719938993,8.919340046803043,124379.38974997762
586,Realistic Treatment,1267901.2098369221,12.044433577345496,105268.6456108431
587,Realistic Treatment,964229.1078967382,10.367340500974016,93006.40871264414
588,Realistic Treatment,811332.3302784252,10.113898384418029,80219.54536624611
589,Realistic Treatment,1346061.2420728046,9.647350957647166,139526.51333844365
590,Realistic Treatment,1079936.4357634867,17.281701272537138,62490.169152480696
591,Realistic Treatment,1297753.638253442,10.94036177682516,118620.72431667281
592,Realistic Treatment,1185920.9934067288,10.989843314416447,107910.63707441952
593,Realistic Treatment,1122564.3693456938,9.429877379708792,119043.36866152975
594,Realistic Treatment,944808.6391068893,11.494496469061641,82196.6096253035
595,Realistic Treatment,582285.4374014828,9.499883284155239,61293.956987100144
596,Realistic Treatment,954698.9436596096,10.46755676409159,91205.51864926635
597,Realistic Treatment,1479811.5959803446,9.43909763536292,156774.68897411696
598,Realistic Treatment,932694.28030498,8.930833843478453,104435.2964853399
599,Realistic Treatment,952386.7273926132,13.545673541544243,70309.29281380263
600,Realistic Treatment,1673488.2505228326,11.996577993104928,139497.13422316557
601,Realistic Treatment,747422.4486704571,12.963649042474303,57655.25171358701
602,Realistic Treatment,1275590.926904553,10.657344528195829,119691.25362605657
603,Realistic Treatment,1281621.4605364106,11.152285223654232,114920.07555707636
604,Realistic Treatment,975943.9691470754,9.790997131258205,99677.68921424047
605,Realistic Treatment,976818.3018959591,11.0073980241398,88741.9805982981
606,Realistic Treatment,1113911.953562677,7.946403677973372,140178.12317417606
607,Realistic Treatment,604951.8427062281,9.817623838469181,61618.96734480668
608,Realistic Treatment,1528802.3980248757,13.3317554194612,114673.75074952147
609,Realistic Treatment,1052450.7686891095,9.76565708464662,107770.604636912
610,Realistic Treatment,877703.7460934683,11.48231280345394,76439.6303355758
611,Realistic Treatment,1249346.357944279,11.869687256040766,105255.2043701452
612,Realistic Treatment,819611.5835274966,11.932816564780754,68685.50933285512
613,Realistic Treatment,1059107.510069989,9.769611422703061,108408.35569046148
614,Realistic Treatment,1260615.498964047,12.532175719904332,100590.31465397218
615,Realistic Treatment,1588258.63869031,13.348446862769936,118984.52719020905
616,Realistic Treatment,963733.9062478615,12.867463051167375,74896.96317102916
617,Realistic Treatment,1317307.119610147,16.078860779343877,81927.88890258069
618,Realistic Treatment,1244416.1195584678,10.710838869641876,116182.88116401061
619,Realistic Treatment,1226463.8359048972,11.8567389572509,103440.23262440659
620,Realistic Treatment,921488.8569775373,12.664904979503383,72759.23968390253
621,Realistic Treatment,1345101.9004285345,14.579879657167702,92257.40760948331
622,Realistic Treatment,1309667.8348459974,8.62862191139358,151781.8080679441
623,Realistic Treatment,907799.0411384641,15.263212858566266,59476.274723442286
624,Realistic Treatment,980476.7177758268,7.946427318968491,123385.85359427921
625,Realistic Treatment,1239152.4606124996,13.276406152738424,93334.9316341086
626,Realistic Treatment,617561.5577443726,7.351504818265628,84004.78174345646
627,Realistic Treatment,997467.5608149702,10.774965153666512,92572.69481521723
628,Realistic Treatment,1388488.9293771484,11.048794693767235,125668.81436944543
629,Realistic Treatment,1238019.1089062926,8.79759356276798,140722.4714432904
630,Realistic Treatment,1288693.9044567305,10.81713102282923,119134.53777503302
631,Realistic Treatment,925819.6544044167,11.136752177398964,83131.92568685189
632,Realistic Treatment,1232458.2432827195,15.186651680514391,81154.04693610346
633,Realistic Treatment,1228875.2480960814,8.777108911154933,140009.11467946912
634,Realistic Treatment,1092823.460442455,13.535405373415475,80738.14047629782
635,Realistic Treatment,1093538.9397633665,14.756191036232806,74107.12812529042
636,Realistic Treatment,434980.1341432794,10.094506876492021,43090.77595026028
637,Realistic Treatment,728822.6455194654,9.555375068494712,76273.5779909348
638,Realistic Treatment,1505508.9540097145,11.088833603967263,135768.0174289104
639,Realistic Treatment,1090848.1857295544,7.727613141334345,141162.37003308308
640,Realistic Treatment,1027219.4745558766,14.044976630498196,73137.85573165739
641,Realistic Treatment,1138367.23398101,10.80944337665727,105312.28984827158
642,Realistic Treatment,767144.7238918152,13.298548962455516,57686.34804125017
643,Realistic Treatment,1124507.0333618252,10.296500391684233,109212.54703879885
644,Realistic Treatment,797599.6216366698,8.916661740708191,89450.4742728215
645,Realistic Treatment,1132733.0614121077,9.334571397240879,121348.15978234651
646,Realistic Treatment,1042495.2280177977,8.771905083160934,118844.79119809823
647,Realistic Treatment,1141499.9494876317,7.620883152941467,149785.78290457607
648,Realistic Treatment,1165105.3525834954,9.229217705510676,126240.9653515728
649,Realistic Treatment,1177137.8007095386,9.464173556859585,124378.29818287252
650,Realistic Treatment,955104.5999834423,10.859491380294426,87951.13569651797
651,Realistic Treatment,1186233.807575465,14.01762034278078,84624.47823295397
652,Realistic Treatment,1196308.6269156234,10.3763972601156,115291.3286689542
653,Realistic Treatment,1238961.459126376,11.911910937053303,104010.3024337137
654,Realistic Treatment,1312677.1610934907,8.405040964609665,156177.36625206945
655,Realistic Treatment,1081423.536610292,8.254174736203904,131015.34328647358
656,Realistic Treatment,1309675.7238648972,10.031732217785073,130553.29781859579
657,Realistic Treatment,1220982.5789544848,14.2755358551067,85529.71960892873
658,Realistic Treatment,1094261.6039921697,9.23543802755701,118485.07896724284
659,Realistic Treatment,1069099.694916303,14.149180899950842,75559.12264292398
660,Realistic Treatment,1556077.186539933,10.555172175416892,147423.19316818472
661,Realistic Treatment,1284690.0050161507,11.508874843564088,111626.02969260422
662,Realistic Treatment,1214704.7654248704,9.770981176691745,124317.58320469354
663,Realistic Treatment,1157923.6860676305,9.980258366644284,116021.41382808363
664,Realistic Treatment,676087.8380950401,14.077075753621536,48027.57688656371
665,Realistic Treatment,1381413.2898375914,13.89148234839138,99443.18793289599
666,Realistic Treatment,1110632.5509798313,12.130804694388342,91554.73020628262
667,Realistic Treatment,1459040.5835486548,12.33452072552097,118289.19955761229
668,Realistic Treatment,955674.6285292213,15.232139835547265,62740.66801165796
669,Realistic Treatment,1094386.3237498554,11.817884850598821,92604.2466638522
670,Realistic Treatment,902453.8233305945,9.496459682944586,95030.55385486234
671,Realistic Treatment,889905.1631905031,10.919239370695198,81498.82358828124
672,Realistic Treatment,1103837.2624305054,10.399392061044477,106144.40305269537
673,Realistic Treatment,1252517.0844391885,8.605486446058904,145548.6673868169
674,Realistic Treatment,1346495.4859031462,9.090803222077092,148116.22834747657
675,Realistic Treatment,322787.4148816583,12.121168110447691,26630.0584184981
676,Realistic Treatment,996135.2147401925,11.886549932295104,83803.56120271263
677,Realistic Treatment,860054.2692546481,15.568865654829096,55241.93530360894
678,Realistic Treatment,1055716.6641453672,10.259450379130069,102901.87340765566
679,Realistic Treatment,1014589.03845193,11.076295381035745,91600.0344473529
680,Realistic Treatment,988390.661171915,11.764930987240927,84011.59872878346
681,Realistic Treatment,637879.2956876205,15.767145541800708,40456.231852272904
682,Realistic Treatment,1426727.3780616783,14.393758741236704,99121.25135002051
683,Realistic Treatment,958048.228095735,10.068810036383494,95150.09466201488
684,Realistic Treatment,1053454.704827818,5.03017820080408,209426.91546383427
685,Realistic Treatment,1209533.4090418476,8.333683523695957,145137.90997734267
686,Realistic Treatment,1195619.0923499875,11.154026521927285,107191.7024761923
687,Realistic Treatment,1064746.4131675279,10.094259582237154,105480.387589909
688,Realistic Treatment,1022427.2096749181,9.887938617097074,103401.45193731844
689,Realistic Treatment,1126597.6839220156,12.944813135633396,87030.8186080193
690,Realistic Treatment,1331376.7742966735,12.303655306381568,108209.85643235022
691,Realistic Treatment,1343096.7832802355,14.1063185967005,95212.42371446146
692,Realistic Treatment,1004918.5260131247,12.18787272770664,82452.33179442772
693,Realistic Treatment,1434326.993121739,10.19381931762629,140705.55386847226
694,Realistic Treatment,313004.39121763734,12.031661889569689,26015.05877496296
695,Realistic Treatment,1279835.1021004496,9.30515616565068,137540.42160247345
696,Realistic Treatment,1090814.5591275026,10.425035355582732,104634.13522558063
697,Realistic Treatment,546264.6173799126,10.260759247525222,53238.225768884055
698,Realistic Treatment,916326.8797933799,11.433225377671477,80145.96489831478
699,Realistic Treatment,580071.0104333255,10.706028972455798,54181.71498748207
700,Realistic Treatment,1209178.82632402,11.326688854055128,106754.83734958566
701,Realistic Treatment,759467.8230225486,13.088791658589223,58024.28847770413
702,Realistic Treatment,1786362.8932738828,13.165342313810083,135686.77902131242
703,Realistic Treatment,441479.8940292534,11.999354989518949,36791.96876956069
704,Realistic Treatment,745568.4446662194,10.648089777537841,70018.98558734891
705,Realistic Treatment,1226211.095113858,10.178857138203508,120466.48051593297
706,Realistic Treatment,1057872.4579645875,12.087642153628327,87516.85767327648
707,Realistic Treatment,1242734.124677701,12.553515824679295,98994.90644960008
708,Realistic Treatment,712699.1881337445,12.833428983304264,55534.587759899194
709,Realistic Treatment,1013401.868043079,9.253941313459379,109510.29769003813
710,Realistic Treatment,972294.2355075558,11.207399546368148,86754.66877797141
711,Realistic Treatment,1061561.3421145496,13.015958834470176,81558.44341664754
712,Realistic Treatment,1136809.2662406354,11.444233784432413,99334.67697829074
713,Realistic Treatment,823613.7530280969,7.944835645931175,103666.55645669624
714,Realistic Treatment,911511.9395376872,10.521688737861982,86631.71495062753
715,Realistic Treatment,1351294.385174213,9.67037489422459,139735.4704398526
716,Realistic Treatment,651487.3196610939,8.661840212915033,75213.50009316832
717,Realistic Treatment,1053776.8964008251,10.008554997395002,105287.61611192615
718,Realistic Treatment,1269538.0357616795,9.195498967954595,138060.80998822293
719,Realistic Treatment,1446986.9612503974,11.070326173758154,130708.61133978442
720,Realistic Treatment,1267812.640417175,12.214269748205632,103797.66179663963
721,Realistic Treatment,680400.4489861247,9.775293689079703,69604.09279019637
722,Realistic Treatment,1265757.6660985232,13.636183677815943,92823.45383464759
723,Realistic Treatment,1275212.4188015214,12.822644845387853,99450.03033131652
724,Realistic Treatment,1445730.358017967,16.472402540058475,87766.81813731557
725,Realistic Treatment,993600.5218709768,9.468196306779776,104940.84508572149
726,Realistic Treatment,1188346.1092537628,9.61349167022411,123612.33046411532
727,Realistic Treatment,1005785.0015056436,10.893016179403993,92333.01272491773
728,Realistic Treatment,1555069.3658326776,13.564776199906696,114640.25229132597
729,Realistic Treatment,760211.1484667538,9.058197312987975,83925.214057408
730,Realistic Treatment,1332297.9198192875,10.491177982999378,126992.21402765582
731,Realistic Treatment,1346567.8859627487,11.969021424284724,112504.42607033935
732,Realistic Treatment,840912.9965097485,13.233834121079717,63542.65806991545
733,Realistic Treatment,828169.3800899528,12.43452231351851,66602.42824041477
734,Realistic Treatment,758040.6453771412,8.455524355010812,89650.34142772236
735,Realistic Treatment,901076.3595215208,9.031310723204328,99772.49007792049
736,Realistic Treatment,1335607.4962006847,6.925259235151579,192860.2888136434
737,Realistic Treatment,1111084.8620349313,7.4365825058978245,149407.99233434835
738,Realistic Treatment,1353209.0298129977,8.765017997650212,154387.4787451407
739,Realistic Treatment,828527.6301441626,8.031322928691086,103162.03662840299
740,Realistic Treatment,1074997.3258192397,7.675548616446438,140054.78690029235
741,Realistic Treatment,588098.2654465036,8.999942084824095,65344.67221052102
742,Realistic Treatment,913720.8245807257,9.461743604483669,96570.02586159043
743,Realistic Treatment,770899.244087351,10.607278654174689,72676.43937910027
744,Realistic Treatment,1280036.5124159837,11.358392125185258,112695.22114646187
745,Realistic Treatment,968628.6209994135,8.789856234253811,110198.4600413254
746,Realistic Treatment,870355.662350887,8.993736552348746,96773.53314553009
747,Realistic Treatment,1209630.0164891817,10.657413941945162,113501.26992143493
748,Realistic Treatment,1588518.141686988,10.426540471337411,152353.3281296734
749,Realistic Treatment,1178133.3794737065,11.028262052534789,106828.5622758591
750,Realistic Treatment,1417449.3237411962,9.913559055548491,142980.87254020726
751,Realistic Treatment,1159944.4005422066,13.134725746691132,88311.27675691417
752,Realistic Treatment,1207000.7181063402,11.710504159609528,103069.9192498802
753,Realistic Treatment,1188132.4585843354,11.822485145592946,100497.6909636663
754,Realistic Treatment,1255241.7924887035,9.268602690927697,135429.452998062
755,Realistic Treatment,1131454.5895324922,12.102179726685495,93491.80189727452
756,Realistic Treatment,516557.45124524087,10.273498057604156,50280.58100063585
757,Realistic Treatment,1326231.3922758466,12.123669435002952,109391.9130165993
758,Realistic Treatment,1240005.066375684,11.085457337612786,111858.71981739228
759,Realistic Treatment,1339759.2304729305,12.736671541358394,105189.11680516198
760,Realistic Treatment,1285842.1089307116,11.039483723721098,116476.65245139657
761,Realistic Treatment,1400419.2143567507,12.747255261155829,109860.45118467102
762,Realistic Treatment,1130772.3605785319,14.126255442455388,80047.56569671545
763,Realistic Treatment,1152356.3051174113,9.02268038931382,127717.73523998767
764,Realistic Treatment,760232.1009049336,8.41949246226249,90294.29081532116
765,Realistic Treatment,709704.5181997949,6.763027660592064,104938.87557716486
766,Realistic Treatment,785147.4875538237,11.578884456182873,67808.56053318435
767,Realistic Treatment,929079.1027639154,10.884841744461687,85355.31563760583
768,Realistic Treatment,1229433.257048799,10.243297634642609,120023.18988475767
769,Realistic Treatment,956188.7200614265,11.10284951692239,86121.01952782959
770,Realistic Treatment,1092774.8332867804,11.96454938561888,91334.39113054029
771,Realistic Treatment,1388430.7785536782,7.919667322332215,175314.2805176326
772,Realistic Treatment,1081146.0674672346,9.912256330186887,109071.6413552282
773,Realistic Treatment,869429.7638106756,9.372134916240906,92767.52539104478
774,Realistic Treatment,1200936.6973247018,9.280665537187943,129402.00166814627
775,Realistic Treatment,1453845.6963975877,11.33792019659651,128228.60552802378
776,Realistic Treatment,821027.2103408426,14.979280590594438,54810.857262155136
777,Realistic Treatment,1077077.016711054,14.482606063699436,74370.38692992837
778,Realistic Treatment,935620.2761795977,8.563309252510702,109259.19508340544
779,Realistic Treatment,1006877.4713667575,9.808848223961903,102649.91856098559
780,Realistic Treatment,1269752.4783274191,9.17113034090476,138451.0339651496
781,Realistic Treatment,892627.9613132756,11.31935897695164,78858.5257460988
782,Realistic Treatment,983866.0541829951,11.255898266248666,87408.93271336355
783,Realistic Treatment,1143067.5260863756,11.178225516818888,102258.40625298738
784,Realistic Treatment,1076255.2872399616,10.791061623982195,99735.81142823593
785,Realistic Treatment,458262.471786798,9.58982789226534,47786.308256523436
786,Realistic Treatment,713696.6912096522,9.782866957942904,72953.73577887489
787,Realistic Treatment,1228716.5921411747,11.93185207332425,102977.8599827085
788,Realistic Treatment,716811.3347676545,14.591750358388598,49124.42422341536
789,Realistic Treatment,564758.6384250596,8.758864459513473,64478.522419837755
790,Realistic Treatment,1141156.474171924,8.856344473728132,128851.86179886103
791,Realistic Treatment,527608.4797201785,11.916150167642167,44276.756527697886
792,Realistic Treatment,78663.25023561809,9.880230030765203,7961.682065161978
793,Realistic Treatment,1376881.976073457,11.589791309463315,118801.2742687785
794,Realistic Treatment,1030161.1568039765,11.860694597191252,86855.0444801041
795,Realistic Treatment,1260088.8531200888,11.024176198381717,114302.31433574713
796,Realistic Treatment,937994.6604273766,11.993399725465434,78209.23857275803
797,Realistic Treatment,1320122.8942058387,6.606613449870849,199818.3947377223
798,Realistic Treatment,1476970.0464306395,12.373410701138159,119366.44487964676
799,Realistic Treatment,1512596.4869370284,12.109125897355739,124913.76336811669
800,Realistic Treatment,774426.8820951828,10.639961824000212,72784.742549389
801,Realistic Treatment,1117828.5441362648,10.81225998068016,103385.28172034818
802,Realistic Treatment,1318721.2037972056,14.091741158519596,93581.14011340124
803,Realistic Treatment,1428615.054673156,12.680166469069071,112665.32329508442
804,Realistic Treatment,918138.7562195396,10.54740742440165,87048.76177395084
805,Realistic Treatment,1050524.779366252,7.905410732179021,132886.8056266937
806,Realistic Treatment,268904.98452708777,9.78262064791,27488.031500489364
807,Realistic Treatment,864334.6461078799,8.525693501145973,101379.98111141354
808,Realistic Treatment,992848.8684974513,13.582734604591428,73096.39018948618
809,Realistic Treatment,664229.2228899268,8.825420902030515,75263.17784312175
810,Realistic Treatment,1210824.0508610364,10.536872296136647,114913.0422037084
811,Realistic Treatment,1066390.5928404303,10.110187838496653,105476.83286159385
812,Realistic Treatment,1036271.6141509304,11.937692076319728,86806.69659812524
813,Realistic Treatment,1193717.9297915685,9.417077254454123,126760.97875558572
814,Realistic Treatment,993348.065135187,8.239929805383841,120552.97661469749
815,Realistic Treatment,948955.7254247619,8.306043808207534,114248.82258471365
816,Realistic Treatment,907675.6442235222,7.9378919445847895,114347.19073528536
817,Realistic Treatment,1075366.6596251554,10.43839059465566,103020.35068277012
818,Realistic Treatment,510361.7274586854,8.713095097382439,58574.102744730364
819,Realistic Treatment,1171821.555891721,10.310113021338097,113657.48886229341
820,Realistic Treatment,1057678.5955129988,13.736778794953008,76996.11468604252
821,Realistic Treatment,1337519.2208632722,12.596567055278394,106181.24882706084
822,Realistic Treatment,1114638.5612326243,12.256461529928718,90942.93312232237
823,Realistic Treatment,1079671.1787019828,11.805425854607407,91455.50461278872
824,Realistic Treatment,1058580.1084941654,11.151614434481854,94926.17546217657
825,Realistic Treatment,773994.0371297495,9.674097115896043,80006.85003026869
826,Realistic Treatment,683957.7900001616,12.426573090446965,55039.936193346824
827,Realistic Treatment,1177909.2062444687,11.140267361921335,105734.37494603518
828,Realistic Treatment,914373.3446630556,10.818991543589703,84515.57993913264
829,Realistic Treatment,1168358.615158352,9.545724252254933,122396.01566977563
830,Realistic Treatment,949176.1180998699,13.481311092100443,70406.81070374917
831,Realistic Treatment,508965.3942771745,9.192747725197552,55365.96994629664
832,Realistic Treatment,1511986.0290763988,11.053551827417305,136787.34697077714
833,Realistic Treatment,1271944.5641965491,11.985488997348632,106123.71047004608
834,Realistic Treatment,925635.6936989878,13.475715855353908,68689.16676743614
835,Realistic Treatment,1096262.335888163,8.662900501827298,126546.7998457242
836,Realistic Treatment,873296.7225347834,16.32344080698684,53499.549075522766
837,Realistic Treatment,962292.1691386839,11.849897497695604,81206.7926600898
838,Realistic Treatment,928198.7777141393,10.029208955991422,92549.55019753936
839,Realistic Treatment,1300036.483366813,13.430723842286316,96795.7124748317
840,Realistic Treatment,791205.6149270751,10.449655790213104,75715.94996153837
841,Realistic Treatment,839846.3695491292,10.937960201352112,76782.72311187512
842,Realistic Treatment,1208493.6019275843,12.644229834736905,95576.68736830028
843,Realistic Treatment,1529203.1089651352,12.024988571460614,127168.7785711875
844,Realistic Treatment,1382076.1128463834,8.700851569551766,158843.77543950937
845,Realistic Treatment,1187296.822392202,13.35507488339275,88902.29615025407
846,Realistic Treatment,1461200.1650539122,9.761495674982633,149690.192333821
847,Realistic Treatment,1129716.0697839346,11.747763416404696,96164.35314030819
848,Realistic Treatment,1228713.1572926478,10.549521197431229,116470.98804747983
849,Realistic Treatment,1243530.1921349494,12.056442105714996,103142.38489524958
850,Realistic Treatment,1051038.8185589171,11.420397988717788,92031.71549688885
851,Realistic Treatment,1167084.1499482705,8.896662134542275,131182.2492861606
852,Realistic Treatment,613644.7529896391,8.466610159278698,72478.21045795236
853,Realistic Treatment,1196443.4113409554,10.92078640039897,109556.52527891632
854,Realistic Treatment,637791.4084102991,9.21728394215559,69195.156882749
855,Realistic Treatment,1407911.7312477594,10.266640554189205,137134.60832845408
856,Realistic Treatment,636719.5950551531,11.695340165521579,54442.16124061384
857,Realistic Treatment,784020.2755193145,8.126381167435785,96478.4027927533
858,Realistic Treatment,614778.4005894179,11.857139472456671,51848.795573123374
859,Realistic Treatment,1483643.0693569414,10.645427132969186,139369.05028094715
860,Realistic Treatment,1262346.9479959798,13.205421214124176,95593.08465267328
861,Realistic Treatment,1183483.4249865632,13.488733245969957,87738.66332779275
862,Realistic Treatment,1183548.9026315366,10.592862372450192,111730.79201988864
863,Realistic Treatment,1470839.2607974382,8.008922341941094,183650.08399381684
864,Realistic Treatment,804260.9558459853,10.002290449120935,80407.67861491854
865,Realistic Treatment,586736.5811558096,14.31868898602469,40976.976434677475
866,Realistic Treatment,1073424.3095864118,10.06296560688669,106670.77196922975
867,Realistic Treatment,840753.3910311307,11.653560160649302,72145.625838026
868,Realistic Treatment,933758.2368914862,11.658240156473552,80094.27017790433
869,Realistic Treatment,1007292.8977481807,11.559628323235827,87138.86550516827
870,Realistic Treatment,807385.7824187702,11.470358851590142,70388.88607280512
871,Realistic Treatment,1132088.4789929572,13.862097224144303,81667.90787047305
872,Realistic Treatment,841189.7487480829,8.213819088872206,102411.52619098919
873,Realistic Treatment,1028411.6412922256,10.639596754474987,96658.89272163236
874,Realistic Treatment,1071622.463167786,10.724322868319137,99924.48719848596
875,Realistic Treatment,1020138.673692957,10.479698527733635,97344.27674548521
876,Realistic Treatment,937650.7261058236,9.939730272193842,94333.61876316495
877,Realistic Treatment,1160253.7362371273,10.500825622206321,110491.6677964363
878,Realistic Treatment,1505618.0224357941,11.702539416801184,128657.37672920784
879,Realistic Treatment,776452.518321164,11.68132017061544,66469.58622659308
880,Realistic Treatment,1369307.897908622,9.778675294528014,140029.9996334743
881,Realistic Treatment,1195655.0248049325,16.171297653736637,73936.86334928461
882,Realistic Treatment,1490020.8022893383,9.1957531662597,162033.57956109566
883,Realistic Treatment,1026968.141800548,8.650038746262915,118724.10886531926
884,Realistic Treatment,1187797.626135731,7.871167867898336,150904.87791272104
885,Realistic Treatment,975845.7723518771,7.581307294078737,128717.34840692268
886,Realistic Treatment,1203265.4766880358,12.348395741178365,97443.06077553782
887,Realistic Treatment,1160321.5557373697,14.46041961943909,80241.2091954478
888,Realistic Treatment,117808.27829999942,9.06861405301239,12990.769880747783
889,Realistic Treatment,663670.5684133556,12.762921515330259,51999.894194772234
890,Realistic Treatment,1019783.3361906144,9.16267979798493,111297.49796723078
891,Realistic Treatment,559625.0783502199,14.347047138624184,39006.28979210877
892,Realistic Treatment,871139.8239413882,9.218998394538588,94493.97718275542
893,Realistic Treatment,548757.0905453179,9.937046546615381,55223.35917126481
894,Realistic Treatment,1057327.5492327872,9.903782050998313,106759.97753062502
895,Realistic Treatment,553900.4790199692,12.449028805078154,44493.469144679344
896,Realistic Treatment,1030250.4038039108,9.291450578182818,110881.54590447198
897,Realistic Treatment,1279871.5655183273,9.180053839370778,139418.74284323942
898,Realistic Treatment,424199.08573948406,12.521853791122393,33876.70011290406
899,Realistic Treatment,1541421.3376138315,9.559220782215654,161249.68475271037
900,Realistic Treatment,859468.37601117,8.937777826927467,96161.30459427953
901,Realistic Treatment,1560549.5997935236,14.943063505341144,104433.04341413872
902,Realistic Treatment,1278781.7176039736,10.086631138532885,126779.8633697211
903,Realistic Treatment,726182.2158909538,9.785106279419916,74213.0126290262
904,Realistic Treatment,684894.5880323867,12.127746581028003,56473.359123763286
905,Realistic Treatment,1139466.1674210727,10.551148744532721,107994.51273128045
906,Realistic Treatment,1080924.8710072378,10.466298084145237,103276.71372599885
907,Realistic Treatment,571497.3678979811,12.274025446440326,46561.527054983
908,Realistic Treatment,529722.8753941609,10.947616716385962,48387.04981343496
909,Realistic Treatment,1259591.1737944135,13.463329442568407,93557.18280292787
910,Realistic Treatment,1446359.3227271494,12.142182812399657,119118.55924703424
911,Realistic Treatment,1144758.1779594908,11.809077825419234,96938.82916880945
912,Realistic Treatment,901096.0414817608,15.854524325092967,56835.26184734508
913,Realistic Treatment,1251596.6567668251,9.753394959499186,128324.20526022579
914,Realistic Treatment,819543.7927222219,13.02458806145843,62922.81866075796
915,Realistic Treatment,815152.0208647316,13.413080980347267,60772.914296058116
916,Realistic Treatment,1099683.6714302262,9.943822832731723,110589.62834800688
917,Realistic Treatment,934975.2527376851,14.14665266488797,66091.6242793107
918,Realistic Treatment,1230997.4087119712,9.630576353327067,127821.7796681192
919,Realistic Treatment,667155.2276427487,10.718678878648774,62242.30011887922
920,Realistic Treatment,1031891.9636771604,10.264251725116996,100532.6049391485
921,Realistic Treatment,882005.7221094444,12.610196372890606,69943.8530557367
922,Realistic Treatment,262737.46304716635,7.957265801078982,33018.560597980766
923,Realistic Treatment,772810.8214032096,10.1681376078812,76003.18280549363
924,Realistic Treatment,1042096.148813073,8.316603264852043,125303.09738559021
925,Realistic Treatment,891687.701598228,12.720943124375896,70096.0371318361
926,Realistic Treatment,1555896.1697532951,9.714353343853926,160164.66713532497
927,Realistic Treatment,695548.5627381541,9.968005273372164,69778.10942738906
928,Realistic Treatment,1192634.297326539,17.243137491224964,69165.73610420208
929,Realistic Treatment,1617418.9236663692,10.949988516174269,147709.6456564565
930,Realistic Treatment,1456687.4190856894,11.114597930765893,131060.73905323095
931,Realistic Treatment,976839.6480703861,8.166363910209192,119617.45261550108
932,Realistic Treatment,1569192.8338666167,9.723359845163742,161383.80753717662
933,Realistic Treatment,397892.32863489585,13.984835875444906,28451.698123503185
934,Realistic Treatment,1038541.0843339823,13.067619578071433,79474.38920526442
935,Realistic Treatment,371141.6806420055,9.93125315825729,37371.08245331775
936,Realistic Treatment,1154210.8677494805,13.119182338916378,87978.87230560562
937,Realistic Treatment,740049.1953662713,11.163547927266784,66291.57685243714
938,Realistic Treatment,558195.6505542232,14.386493302889797,38799.97987015357
939,Realistic Treatment,1058945.239760982,9.584113781052643,110489.63565671233
940,Realistic Treatment,1134956.0715172198,14.11472186979028,80409.38262810298
941,Realistic Treatment,1019136.2978498884,11.438780277180074,89094.83993525307
942,Realistic Treatment,963537.9310166114,8.67323477013009,111093.26065229515
943,Realistic Treatment,1131222.621723495,13.500814239095568,83789.21461253114
944,Realistic Treatment,1035565.4953153017,12.793926862425117,80941.95835656105
945,Realistic Treatment,1109985.9479956182,10.77827471228774,102983.63862726398
946,Realistic Treatment,1544957.9334123493,10.103982824636553,152905.83527569709
947,Realistic Treatment,1235277.2205533306,7.97969144936312,154802.62969966355
948,Realistic Treatment,997155.9734835438,11.94959395819777,83446.84990735319
949,Realistic Treatment,940497.1887724325,10.391527301033456,90506.15578702261
950,Realistic Treatment,1051299.8138942763,9.743599090326677,107896.45634517059
951,Realistic Treatment,1352684.5446476042,14.615999734949153,92548.20533508378
952,Realistic Treatment,527385.2278959306,9.18486391789313,57418.94845807415
953,Realistic Treatment,1029781.9102146653,7.226494981249612,142500.88222390137
954,Realistic Treatment,1103530.165315086,12.335743674191338,89457.9357727638
955,Realistic Treatment,637618.2748581041,10.030021595812794,63570.97726731604
956,Realistic Treatment,1023488.5022864256,11.697385672722291,87497.20073547278
957,Realistic Treatment,775355.6480195369,11.657422470656002,66511.75677738864
958,Realistic Treatment,936275.3113849903,10.704114330618246,87468.73234592153
959,Realistic Treatment,1095085.844519761,11.02310315646639,99344.60641215717
960,Realistic Treatment,1177190.181638902,10.354126854496345,113692.8490621785
961,Realistic Treatment,1111950.520058778,11.61649441191416,95721.69370807207
962,Realistic Treatment,860710.4652595925,10.018016432176623,85916.25608589516
963,Realistic Treatment,787776.0226329749,13.155633516578543,59881.268480170926
964,Realistic Treatment,791726.8914093073,13.590964341120754,58253.91572942784
965,Realistic Treatment,1135863.9869659052,9.366297014207587,121271.40376211976
966,Realistic Treatment,1351680.8213190734,11.224996035445532,120417.04220213775
967,Realistic Treatment,1237304.052594537,9.61864356890699,128636.0227126222
968,Realistic Treatment,706636.6727361702,9.595245041381624,73644.46344920248
969,Realistic Treatment,1114606.5112042318,9.714913523268311,114731.49076773804
970,Realistic Treatment,1243153.6616204486,11.642701884582198,106775.35798341534
971,Realistic Treatment,1200719.2532007573,11.551829031151577,103941.91690015518
972,Realistic Treatment,1503921.7843052067,15.154276267431204,99240.75275949395
973,Realistic Treatment,792736.7166623038,11.865515646503539,66810.136219904
974,Realistic Treatment,1009678.3086880695,9.106882048315207,110869.81288781072
975,Realistic Treatment,631557.7005899693,10.668831144135735,59196.52228605318
976,Realistic Treatment,428688.3914637626,12.798487328728832,33495.238964801996
977,Realistic Treatment,1220091.693404941,8.252198119060388,147850.50913729917
978,Realistic Treatment,542338.7075486691,9.762922411509233,55550.85707833971
979,Realistic Treatment,908770.8969546906,12.024452267884136,75576.9058505815
980,Realistic Treatment,1289732.294739232,10.394922634757357,124073.2942472099
981,Realistic Treatment,621157.9920440791,12.80802108857025,48497.5772407491
982,Realistic Treatment,697687.9373390311,8.504214433669532,82040.25695504269
983,Realistic Treatment,1147811.8756374635,11.881766089205215,96602.80020831835
984,Realistic Treatment,520116.71769311326,13.555362995520907,38369.81111202815
985,Realistic Treatment,1193803.808518488,10.725043739129916,111309.92446799447
986,Realistic Treatment,561409.4290898812,9.332192551193629,60158.36321530619
987,Realistic Treatment,1366142.7263549524,8.757328542867231,155999.93989807132
988,Realistic Treatment,1029792.6951608565,13.03444730322217,79005.47458627475
989,Realistic Treatment,1370790.2607459126,14.436195126214749,94955.09369062826
990,Realistic Treatment,727352.811595757,9.30346050813968,78180.88881652043
991,Realistic Treatment,1341529.367883787,12.697985746660086,105648.9898987834
992,Realistic Treatment,968299.7704529264,10.558484247890146,91708.2175546568
993,Realistic Treatment,1367491.9836437553,10.178668633883099,134348.80659063812
994,Realistic Treatment,1056580.8520326084,10.057290271784872,105056.21529059204
995,Realistic Treatment,716272.2441293099,12.472256011175013,57429.244836502505
996,Realistic Treatment,1180288.6955395709,9.024898218742582,130781.3857765609
997,Realistic Treatment,1279632.3504517223,10.903974884748546,117354.66781398695
998,Realistic Treatment,1094434.7837352091,12.042816988395014,90878.63618535883
999,Realistic Treatment,679267.8592227125,12.793309486107578,53095.55435677831
