simulation_id,commercialization_year,total_cost,total_duration,total_revenue,total_treated,success
0,2030.0,21562098.208161138,5.813410384847902,3355577908.7560225,1459,True
1,2031.0,23483402.069920283,6.846455567220632,3249781758.1029873,1413,True
2,,17050757.700743202,6.483412256850189,0.0,0,True
3,2032.0,27484688.475223523,7.2691603693364835,3155485189.042674,1372,True
4,,6078033.588772533,3.1533136709998,0.0,0,True
5,2030.0,23109057.056439135,5.551463179786823,3334878661.889124,1450,True
6,,1897733.3852198725,1.191015440899681,0.0,0,True
7,2031.0,17768926.40594032,6.186217649885567,3284280502.8811502,1428,True
8,,1659275.4847254583,1.8389725653810935,0.0,0,True
9,,1949659.00729367,1.2782949454094754,0.0,0,True
10,,4994034.212920483,3.60186116285004,0.0,0,True
11,,5591182.144972441,3.9571882334531603,0.0,0,True
12,2032.0,26433769.347195722,7.376152223156051,3199183599.095014,1391,True
13,,20761461.968988955,5.946573264356339,0.0,0,True
14,,1735155.3402844819,1.1011647411219196,0.0,0,True
15,2031.0,26345576.17927015,6.3406918330277575,3252081674.4215317,1414,True
16,2031.0,28343156.074610226,6.730298426121451,3281980586.5626063,1427,True
17,2032.0,20384528.5876309,7.53602026770258,3206083348.0506463,1394,True
18,,1152124.672789751,1.8415509478164076,0.0,0,True
19,2032.0,25995083.472135454,7.299759197399675,3171584603.2724843,1379,True
20,,20805207.072006736,6.195901241223659,0.0,0,True
21,,16015727.116158161,5.091272026465099,0.0,0,True
22,,6433021.295197697,3.3842620030292316,0.0,0,True
23,2031.0,28268534.870701283,6.222867320335716,3240582092.82881,1409,True
24,2031.0,20492001.086890366,6.297407712738038,3265881172.3327975,1420,True
25,,6884981.834271514,3.767945194185146,0.0,0,True
26,2031.0,22718333.45970198,6.548215085861628,3249781758.102987,1413,True
27,2031.0,26344978.18133243,6.252178932741192,3242882009.147354,1410,True
28,,1815461.2759749745,1.9435233838572228,0.0,0,True
29,2031.0,22752725.442752182,6.206304295150182,3272780921.2884297,1423,True
30,2032.0,25703671.999741126,7.654946603033266,3217582929.643369,1399,True
31,2031.0,22925772.607279457,6.581012998070447,3247481841.7844424,1412,True
32,,1180076.4175612202,1.7694458892071396,0.0,0,True
33,2031.0,20172869.062922493,6.66450534392589,3288880335.5182385,1430,True
34,2031.0,24264127.801313363,6.186349292246037,3281980586.562606,1427,True
35,2031.0,30427482.473736078,6.028232639880843,3242882009.1473556,1410,True
36,2031.0,26689437.38985449,6.691843378174854,3258981423.3771653,1417,True
37,,19273344.779364124,5.886351678975863,0.0,0,True
38,2032.0,27545971.13641876,7.374210576953096,3189983933.820838,1387,True
39,,1449391.7915916168,1.2277562491264982,0.0,0,True
40,2031.0,21102557.44843228,6.815891048527594,3256681507.0586205,1416,True
41,2031.0,23280824.72310975,6.474337613523133,3254381590.740076,1415,True
42,2031.0,19469222.652661435,6.772142371978185,3252081674.421532,1414,True
43,2031.0,26731890.6332343,6.626606263020193,3247481841.7844434,1412,True
44,2031.0,20806088.474225424,6.300252735252376,3265881172.332796,1420,True
45,2032.0,23261256.072077014,7.971711438285189,3189983933.8208375,1387,True
46,2032.0,26923478.699465923,7.585027107192543,3173884519.5910287,1380,True
47,2031.0,26888083.28820697,6.725667713254081,3233682343.873178,1406,True
48,2032.0,25744003.672150902,7.141585188357198,3178484352.2281156,1382,True
49,,5815792.484799175,3.0366135056096466,0.0,0,True
50,2030.0,23064820.674138077,5.922740452739517,3330278829.252034,1448,True
51,2031.0,22570450.101977054,6.294956695390582,3281980586.562606,1427,True
52,2031.0,23624668.50524902,6.751899485308602,3265881172.332796,1420,True
53,,5387413.379241236,2.6065142608049943,0.0,0,True
54,2032.0,21844004.340376742,7.760032668100655,3183084184.8652043,1384,True
55,,1546981.595884746,1.1089005955831266,0.0,0,True
56,2032.0,30299862.943158407,7.10897489997866,3157785105.3612175,1373,True
57,2030.0,30016784.877705894,5.994544648182615,3357877825.0745664,1460,True
58,2030.0,23818600.04272222,5.662828080507808,3346378243.481844,1455,True
59,,6769438.4524851665,4.264201332226928,0.0,0,True
60,,6104203.300935322,2.9368252873796754,0.0,0,True
61,2031.0,18993151.08148703,6.782276626959275,3270481004.969886,1422,True
62,2031.0,22323294.785243228,6.195573159633566,3263581256.014252,1419,True
63,2031.0,28524063.09527611,6.81401809907109,3279680670.2440615,1426,True
64,,19468969.31926453,7.045266796345787,0.0,0,True
65,,1364240.4489292689,1.0433991627528931,0.0,0,True
66,2031.0,22049272.8902409,6.653410151567384,3258981423.3771653,1417,True
67,2032.0,21211052.35102633,7.330005469142752,3173884519.5910277,1380,True
68,,17670467.87605554,7.144741707831179,0.0,0,False
69,,5183295.5555996895,3.9873623941702183,0.0,0,False
70,2031.0,25279228.30404885,6.289579246458498,3275080837.6069736,1424,True
71,2032.0,20419833.675323036,7.20842259800674,3215283013.3248234,1398,True
72,2031.0,25603232.804991648,6.449984187521766,3263581256.014252,1419,True
73,2032.0,29189587.169828087,7.3121258059408865,3176184435.909573,1381,True
74,,5848569.498646239,3.5489885055941066,0.0,0,True
75,2031.0,23519381.704267263,6.711953366189247,3268181088.6513405,1421,True
76,2032.0,23975127.837719955,7.3320172093675655,3194583766.457926,1389,True
77,,1834295.4920438677,1.7492550293479665,0.0,0,True
78,2030.0,23483823.44638765,5.895286857326621,3346378243.481844,1455,True
79,,4236466.495964511,3.44929879508856,0.0,0,True
80,2032.0,24534687.306029078,7.268133734515911,3157785105.3612185,1373,True
81,2032.0,23977490.333732076,7.393521003556782,3176184435.9095726,1381,True
82,,6462174.707124636,3.358563133553609,0.0,0,True
83,2031.0,20165738.53977643,6.427875911289225,3272780921.2884297,1423,True
84,,5117545.754635389,2.976164991875506,0.0,0,True
85,2031.0,26886912.772826165,6.001766155951568,3258981423.3771644,1417,True
86,2031.0,24518514.74550114,6.972873919917731,3268181088.651341,1421,True
87,2031.0,28523533.658222966,6.631332563923908,3256681507.058619,1416,True
88,2031.0,22167386.66513133,6.807169072843574,3265881172.3327966,1420,True
89,2032.0,18750216.055175576,7.528603637584817,3176184435.909572,1381,True
90,2031.0,27955320.787261095,6.44863639938022,3256681507.0586195,1416,True
91,2031.0,24834226.506882526,6.794858614079827,3265881172.332797,1420,True
92,2032.0,28048506.592800904,7.029170925044963,3229082511.236089,1404,True
93,,5071156.247215873,4.191576799883878,0.0,0,True
94,2031.0,21063963.445502885,6.659231529045759,3268181088.651342,1421,True
95,,4543294.236157202,3.7593474844482633,0.0,0,True
96,,5910061.913982447,3.123359951835485,0.0,0,True
97,,1080640.41548909,1.2250364691393176,0.0,0,True
98,2031.0,19879964.62530282,6.3566184693340215,3261281339.6957088,1418,True
99,2032.0,26164550.708146673,7.6265717943194975,3192283850.139382,1388,True
100,2032.0,22504504.80208105,7.45718249643082,3189983933.8208375,1387,True
101,,1702532.8664869545,1.8804265199593353,0.0,0,True
102,2031.0,23620780.244513683,6.146680404491773,3279680670.2440624,1426,True
103,2032.0,27341874.183281988,7.043807421275286,3194583766.4579263,1389,True
104,2031.0,28629168.288715824,6.177374748702905,3270481004.9698863,1422,True
105,,19253478.23747126,6.368753706741808,0.0,0,True
106,2031.0,23600900.561442137,6.472406323401308,3256681507.05862,1416,True
107,,5777217.1180299,3.204804306265139,0.0,0,True
108,,1135957.5742831195,1.6593254854445827,0.0,0,True
109,,21111401.878602527,5.4863651530595625,0.0,0,True
110,2032.0,24482530.756701883,7.358251967619114,3183084184.865205,1384,True
111,,1201582.6034459532,1.5174055699842226,0.0,0,True
112,2030.0,27156499.883750476,5.969459108204623,3357877825.0745664,1460,True
113,2031.0,18326342.41570317,6.100772900326128,3261281339.6957073,1418,True
114,,909154.9221490382,1.41673857615447,0.0,0,True
115,,1910663.4110997766,1.116644393034067,0.0,0,True
116,,4586540.430887831,3.3048325586141325,0.0,0,True
117,,19675406.271283567,6.126483020383608,0.0,0,True
118,,1017607.9864400256,1.6326952614728727,0.0,0,True
119,2030.0,23809829.917217314,5.7955012976475535,3323379080.2964015,1445,True
120,2031.0,27779042.654496446,6.768523697403154,3279680670.244062,1426,True
121,2030.0,23011781.46508293,5.943250998636428,3341778410.8447566,1453,True
122,2031.0,18931737.91113936,6.2963570736590375,3272780921.2884297,1423,True
123,2032.0,27047826.53836272,7.085152384499873,3171584603.2724833,1379,True
124,2031.0,26083440.445422452,6.352542600821605,3272780921.288429,1423,True
125,,1332500.4435350462,1.6896432074005072,0.0,0,True
126,2030.0,21785293.76593366,5.383137028683364,3341778410.844757,1453,True
127,,931922.9018605478,1.8847882951065527,0.0,0,True
128,2031.0,26842278.779418934,6.431975447822972,3268181088.651341,1421,True
129,2031.0,27022525.912013568,6.581387703983258,3279680670.244062,1426,True
130,,4967443.159645384,3.1825915400469906,0.0,0,True
131,2032.0,27387039.6197122,7.240234883129307,3189983933.820838,1387,True
132,,1600432.8889901082,1.3179269856048275,0.0,0,True
133,,19776413.805283584,6.3100300178370095,0.0,0,True
134,2031.0,30187362.196362544,6.358350173444009,3263581256.014254,1419,True
135,2031.0,23825033.003910616,6.963178053499094,3261281339.6957088,1418,True
136,,6337756.61769757,3.989497378120661,0.0,0,True
137,2032.0,21747890.611562558,7.5179889959041795,3196883682.7764697,1390,True
138,,25297088.62476177,5.786001683307224,0.0,0,True
139,,6952198.320934086,3.5790719362485968,0.0,0,True
140,2033.0,26859477.65452178,8.01925685430431,3102587113.716157,1349,True
141,2032.0,24199270.873678572,7.329078315716042,3201483515.4135585,1392,True
142,2031.0,20157307.93140749,6.253629274814859,3298080000.7924166,1434,True
143,2031.0,22573157.18811548,6.653403323139612,3293480168.155328,1432,True
144,2032.0,22571224.269150846,7.333841161603403,3203783431.7321024,1393,True
145,,25302129.72504762,6.939312574194098,0.0,0,False
146,,22739756.27742369,5.554941228598595,0.0,0,False
147,2032.0,27991856.22110259,7.698084554958229,3169284686.9539385,1378,True
148,2031.0,22093412.966462824,6.648524273569487,3261281339.695708,1418,True
149,,25234576.0483534,6.437375750822131,0.0,0,False
150,2031.0,21115346.163703408,6.902438403531456,3270481004.9698853,1422,True
151,,1650184.252665635,1.3481324805730015,0.0,0,True
152,2032.0,26824475.15007962,7.124040482778537,3173884519.5910287,1380,True
153,,1354161.4718082694,1.175509312598424,0.0,0,True
154,,18716815.274874553,6.29434179277774,0.0,0,True
155,2032.0,22071523.07259056,7.07718935253446,3171584603.272483,1379,True
156,,1295906.6771634764,1.5904951550365136,0.0,0,True
157,2031.0,19823414.17425519,6.720585607399549,3272780921.2884297,1423,True
158,2032.0,29118584.040773045,7.208144433758296,3189983933.8208375,1387,True
159,,1882786.078993572,1.6077982265452075,0.0,0,True
160,2031.0,22686065.57446372,6.642803948409345,3249781758.102988,1413,True
161,,1170535.0555691659,1.6928897777702698,0.0,0,True
162,,7437542.329880278,3.4020200731507133,0.0,0,True
163,2031.0,28386747.52653255,6.743407074319499,3254381590.7400756,1415,True
164,,1103886.3895307109,1.2327530293765827,0.0,0,True
165,2032.0,23393050.540526286,7.700037594746795,3196883682.7764697,1390,True
166,2031.0,29487758.20957719,6.864050571695123,3272780921.28843,1423,True
167,2032.0,23006130.97945187,7.065422686601548,3199183599.0950146,1391,True
168,,6180010.230662426,2.8368757132249582,0.0,0,True
169,2032.0,21105717.9512129,7.330276061388501,3176184435.9095707,1381,True
170,,1456418.3131504082,1.9234010512631476,0.0,0,True
171,2031.0,29159220.311476797,6.774122149101915,3254381590.7400756,1415,True
172,2032.0,28189733.0688525,7.146307671870909,3173884519.5910277,1380,True
173,2032.0,20379498.10094449,7.269432664991669,3178484352.2281165,1382,True
174,,4384818.736227152,3.78702795772664,0.0,0,True
175,2031.0,21278513.0013069,6.493421818576704,3249781758.1029873,1413,True
176,,1395550.0599545962,1.9466430828981105,0.0,0,True
177,,1565625.2990538618,1.8925986427799868,0.0,0,True
178,,1780363.9252085453,1.1888440391932944,0.0,0,True
179,2031.0,20628836.89715691,6.400284224042376,3247481841.7844443,1412,True
180,,7729003.574341169,3.24461410378137,0.0,0,True
181,2030.0,31772915.512631916,5.8933802805830755,3364777574.030199,1463,True
182,,23316094.40939573,6.950569896914315,0.0,0,False
183,,5723474.477521095,3.0086207318737213,0.0,0,False
184,,1526175.0929828149,1.1360335486289466,0.0,0,False
185,,25250693.236244515,7.410288365170818,0.0,0,False
186,2032.0,24624409.12777048,7.256749522312489,3189983933.8208385,1387,True
187,,5506683.187869722,2.912621155392908,0.0,0,True
188,2032.0,27514266.21760527,7.067729228928783,3187684017.502294,1386,True
189,2032.0,26052447.61392405,7.420934925706228,3173884519.5910287,1380,True
190,2032.0,23899182.555624828,7.197773337898245,3173884519.591027,1380,True
191,,6084331.201056369,3.099748006756365,0.0,0,True
192,2032.0,20410722.191830568,7.753051966518636,3162384937.998307,1375,True
193,2031.0,23948702.219965078,6.402767490436955,3256681507.0586195,1416,True
194,2032.0,25809226.154846497,7.158667468462674,3180784268.54666,1383,True
195,2032.0,29633544.02649883,7.489788446850664,3206083348.0506463,1394,True
196,,1475902.119277065,1.9460248405617264,0.0,0,True
197,2031.0,26540201.651655927,6.043001465380848,3256681507.0586205,1416,True
198,2031.0,21686431.57875814,6.736211811445404,3275080837.6069746,1424,True
199,2032.0,18446153.284461245,7.672618660913053,3180784268.5466604,1383,True
200,2031.0,23409809.370656714,6.1705744294030955,3254381590.7400756,1415,True
201,2032.0,25406591.37312371,7.439808997571959,3162384937.9983063,1375,True
202,2032.0,23946260.75752021,7.116190283499647,3194583766.457926,1389,True
203,,20200862.922960438,7.162349457610276,0.0,0,False
204,2031.0,28447032.09839002,6.585278941852772,3258981423.3771634,1417,True
205,2031.0,24785191.106922634,6.322979640405246,3249781758.102986,1413,True
206,,912324.2730788697,1.6058671380253884,0.0,0,True
207,2031.0,29109461.147861198,6.133892256230834,3252081674.421532,1414,True
208,2031.0,30031896.60086355,6.60855427880504,3240582092.828811,1409,True
209,2031.0,18328054.623050872,6.165045489183752,3254381590.740076,1415,True
210,2031.0,22153551.82746247,6.587266384136609,3258981423.377164,1417,True
211,2032.0,26125504.300549928,7.254479131488819,3178484352.228116,1382,True
212,2030.0,22174322.117454976,5.675227826697059,3367077490.348743,1464,True
213,,20012714.981106818,5.856101767951934,0.0,0,True
214,,26481143.660305403,7.0222407422158994,0.0,0,False
215,2031.0,18658866.247144077,6.529659435440796,3265881172.3327966,1420,True
216,,1215830.3134323834,1.3294837738807113,0.0,0,True
217,2031.0,25311791.98144695,6.59540601708454,3268181088.651341,1421,True
218,2031.0,26888802.36189295,6.1392463169250515,3293480168.155328,1432,True
219,2032.0,22256508.107909452,7.770802707846383,3196883682.7764707,1390,True
220,2032.0,27655224.686805457,7.0466818211478515,3203783431.7321024,1393,True
221,,15248682.301654559,5.59560558159209,0.0,0,True
222,2031.0,18770491.787514195,6.234688278112928,3275080837.606974,1424,True
223,2030.0,21311677.07876853,5.955559717528743,3353277992.4374766,1458,True
224,,25963887.353783317,6.83135064525579,0.0,0,False
225,2031.0,20134700.196054384,6.487771646835553,3270481004.9698853,1422,True
226,2031.0,24854393.87695696,6.921387718622776,3258981423.3771644,1417,True
227,,23623810.14078481,5.901367187318463,0.0,0,True
228,2031.0,22084834.87303032,6.9249657209995785,3272780921.2884297,1423,True
229,2031.0,18680825.65645983,6.1867752586289155,3263581256.0142527,1419,True
230,,21492833.359393265,6.761946166617119,0.0,0,False
231,2031.0,26205482.190029774,6.752588722201492,3288880335.5182395,1430,True
232,2031.0,29587694.988289483,6.352052950261285,3256681507.05862,1416,True
233,2031.0,22506744.279207245,6.939444971611911,3272780921.2884283,1423,True
234,,1780684.267520396,1.2999014902054578,0.0,0,True
235,2031.0,22640511.631731816,6.757053007225553,3252081674.421531,1414,True
236,,1863504.8507488815,1.7109490816855557,0.0,0,True
237,2030.0,23149622.064018577,5.84038403511917,3330278829.2520347,1448,True
238,2031.0,23415367.893874984,6.143754253323858,3249781758.1029887,1413,True
239,2030.0,23923445.871006973,5.959655174067454,3332578745.570579,1449,True
240,2031.0,26723654.521310233,6.562011678960874,3252081674.421531,1414,True
241,2031.0,26584318.93211917,6.700288751311819,3258981423.377164,1417,True
242,,1364495.9259222485,1.3932309684800157,0.0,0,True
243,,812403.9013708011,1.6150478657771021,0.0,0,True
244,,1440881.6417459263,1.5009180404942672,0.0,0,True
245,,7372665.18047802,3.3626988072249615,0.0,0,True
246,2031.0,26675309.448063336,6.05300168405369,3302679833.4295034,1436,True
247,,18881079.761895403,6.026747830401786,0.0,0,True
248,,1241273.751869185,1.610292424240448,0.0,0,True
249,,6341281.371493531,4.173332374994091,0.0,0,True
250,2032.0,21815019.360102724,7.216353044832062,3196883682.776471,1390,True
251,2031.0,25217880.30766078,6.577368028123137,3281980586.5626063,1427,True
252,2031.0,26356996.484488554,6.583824447936274,3270481004.9698853,1422,True
253,2030.0,21934166.4706863,5.857660565294485,3337178578.2076683,1451,True
254,,5329321.607734593,3.0704175552172837,0.0,0,True
255,2031.0,26249848.040571764,6.579626859230614,3270481004.969886,1422,True
256,2032.0,18807884.272394564,7.001908892535752,3192283850.1393824,1388,True
257,2031.0,29554182.467259534,6.958102402213933,3284280502.881151,1428,True
258,2032.0,23192647.486556064,7.050875126132826,3183084184.8652043,1384,True
259,,16388319.39712786,6.134878068352709,0.0,0,True
260,,1565724.182878487,1.133597825016376,0.0,0,True
261,,1335814.5377170304,1.1735462454509278,0.0,0,True
262,,1658666.9748690545,1.4664754536643276,0.0,0,True
263,2032.0,24550889.04585571,7.505150763475262,3166984770.6353955,1377,True
264,,5264979.957499873,3.588201968882957,0.0,0,True
265,2031.0,24840867.355019853,6.309872158363664,3275080837.606974,1424,True
266,,26521020.354651406,6.599223038791012,0.0,0,True
267,2031.0,22901146.567809433,6.565643808468097,3268181088.651342,1421,True
268,,5906500.906238522,3.4249466636812906,0.0,0,True
269,,26359004.932347372,6.065608841229645,0.0,0,False
270,,20297357.945261683,6.007699905547528,0.0,0,False
271,,5619117.819354046,3.4202162387761676,0.0,0,False
272,2031.0,25854542.177710455,6.949774595227266,3258981423.3771644,1417,True
273,2031.0,26266409.005339455,6.664929703280624,3272780921.2884297,1423,True
274,,1151060.211711097,1.1840867393742545,0.0,0,True
275,,1749368.8236881294,1.560867489501379,0.0,0,True
276,2032.0,25972877.678450234,7.323949141973609,3203783431.7321033,1393,True
277,2031.0,20798744.058960028,6.381929400379661,3275080837.6069746,1424,True
278,2032.0,29851483.898718555,7.005172911974426,3180784268.54666,1383,True
279,,1922796.0793931524,1.349233260403063,0.0,0,True
280,2031.0,24848681.585928883,6.61075296085442,3249781758.1029873,1413,True
281,2030.0,24091887.30635993,5.865001057791363,3337178578.207668,1451,True
282,,838089.7221968623,1.8169489589606744,0.0,0,True
283,,4689818.326092759,3.9700523359534348,0.0,0,True
284,,4698639.921404392,3.786514785418536,0.0,0,True
285,2031.0,21701861.154472858,6.253004260188401,3229082511.2360888,1404,True
286,,957572.030309451,1.5376575778098238,0.0,0,True
287,2031.0,21267289.038037673,6.698672973426114,3265881172.3327966,1420,True
288,2031.0,28449683.14754602,6.678664732799695,3302679833.429505,1436,True
289,2031.0,23994128.893970896,6.878819376777045,3242882009.1473536,1410,True
290,2031.0,24081355.79919812,6.172733763279414,3265881172.3327975,1420,True
291,2031.0,19820009.78127586,6.815673605806045,3265881172.332797,1420,True
292,,1800728.8558044867,1.7577195172137303,0.0,0,True
293,,5558590.03057602,3.3844649548163828,0.0,0,True
294,,6455895.249365974,3.4072545381112405,0.0,0,True
295,2031.0,24543988.765795365,6.732595982052014,3268181088.651341,1421,True
296,2031.0,23871423.861223716,6.955631697558225,3272780921.2884297,1423,True
297,2031.0,25213252.59768129,6.4110711580957,3245181925.4658985,1411,True
298,,22181442.549389318,7.3405425939129225,0.0,0,False
299,2031.0,23757172.088548794,6.6020626707060375,3252081674.421531,1414,True
300,,6170059.803839967,3.1540762397433433,0.0,0,True
301,2031.0,18428507.50506528,6.200601895682658,3270481004.9698853,1422,True
302,,1900447.2919902313,1.8004813329849503,0.0,0,True
303,2032.0,30130206.843682684,7.329738247653285,3201483515.4135585,1392,True
304,,25430999.96121069,6.339277162492181,0.0,0,True
305,2032.0,28923593.37550571,7.444850717482254,3164684854.316851,1376,True
306,,6737147.827136823,3.1708771384453494,0.0,0,True
307,2031.0,22455159.088353664,6.60539218479716,3272780921.2884297,1423,True
308,2031.0,24092152.980563276,6.7978365217809635,3268181088.651341,1421,True
309,,6578913.642588725,3.39017323860781,0.0,0,True
310,2032.0,19220866.833551716,7.64203248172169,3192283850.1393824,1388,True
311,2031.0,30662999.18333239,6.590064676786545,3265881172.332797,1420,True
312,,4709445.975038785,2.814673992211663,0.0,0,True
313,,1579513.1104191877,1.6095392177423486,0.0,0,True
314,2031.0,29263917.117847297,6.499422962982225,3265881172.332796,1420,True
315,2031.0,21493879.906445116,6.727460877908821,3261281339.695708,1418,True
316,2030.0,25723323.88234983,5.83333764564833,3362477657.7116547,1462,True
317,,5104389.291550377,2.9702715090222607,0.0,0,True
318,2031.0,23297248.301978298,6.581461853355757,3247481841.7844424,1412,True
319,2032.0,30411743.209705725,7.070106930706752,3187684017.5022936,1386,True
320,2032.0,21877433.661321215,7.27209690024021,3150885356.405586,1370,True
321,2032.0,22451016.05640028,7.198120000450783,3157785105.3612185,1373,True
322,,800799.5627515067,1.175201360567619,0.0,0,True
323,2032.0,21655628.03712324,7.696492898032939,3194583766.457925,1389,True
324,2031.0,24463700.874074414,6.665552202052763,3256681507.05862,1416,True
325,,1861608.0740923204,1.7434127696006647,0.0,0,True
326,2031.0,19721344.736112144,6.668332482410811,3242882009.147354,1410,True
327,2031.0,24054809.12983612,6.328901660636849,3279680670.2440624,1426,True
328,,5767903.538483504,2.916860113746708,0.0,0,True
329,2031.0,18473914.681559358,6.254561003899572,3275080837.606975,1424,True
330,2031.0,22515021.091704227,6.272695827869195,3261281339.695709,1418,True
331,,7750227.927488477,3.2718640245558963,0.0,0,True
332,2032.0,23718337.12835996,7.0503742818461825,3199183599.095014,1391,True
333,2031.0,27891075.19170762,6.849400356849152,3291180251.836784,1431,True
334,,7269836.620449925,3.0890547212886963,0.0,0,True
335,2032.0,23016950.431771956,7.192027659834388,3196883682.7764697,1390,True
336,2031.0,25550687.611523196,6.461680038447909,3279680670.244063,1426,True
337,2032.0,23238396.50376064,7.010756554773401,3185384101.1837487,1385,True
338,,7558451.623927623,3.140949373642747,0.0,0,True
339,2031.0,25541038.779401235,6.355499228956355,3261281339.6957083,1418,True
340,,7481222.747620877,4.263552988403128,0.0,0,True
341,,1736434.9312506367,1.1504084581001495,0.0,0,True
342,,7129290.061949565,3.3896404949715957,0.0,0,True
343,2031.0,20106978.335681,6.801802348503715,3256681507.058619,1416,True
344,,7671967.298208235,4.27533015847656,0.0,0,True
345,,1743490.7886573153,1.1515991667404621,0.0,0,True
346,,1763903.3304016169,1.668345308658378,0.0,0,True
347,,1078455.6720327123,1.460664804823669,0.0,0,True
348,,22114232.162686065,5.6351931757263785,0.0,0,True
349,,1229185.5732314389,1.8616936909188375,0.0,0,True
350,2032.0,25048436.078180477,7.6235214399111095,3178484352.228116,1382,True
351,2031.0,24230783.68216401,6.6122762002389,3268181088.651342,1421,True
352,2031.0,25781522.809777953,6.698334008806868,3281980586.562608,1427,True
353,2031.0,25908879.73627627,6.420785421766433,3279680670.2440624,1426,True
354,2031.0,29665847.834151577,6.7576821620063185,3277380753.9255185,1425,True
355,2032.0,28148518.792175908,7.319102924507706,3185384101.1837497,1385,True
356,,17265199.50305059,5.2307385362525745,0.0,0,True
357,2032.0,19640344.61485407,7.140546894872449,3139385774.8128643,1365,True
358,2031.0,27142923.240562472,6.591961746995715,3265881172.332797,1420,True
359,,1576740.6626726058,1.1306603171836729,0.0,0,True
360,,1153417.2271571665,1.1096532187006352,0.0,0,True
361,,1117284.9899580795,1.2253773321899484,0.0,0,True
362,,20490013.2324492,6.797049573415614,0.0,0,False
363,,6353550.892710773,3.3743885307072654,0.0,0,False
364,2031.0,22062271.68650966,6.608275290867246,3272780921.2884297,1423,True
365,2032.0,27575910.906117268,7.701490329006655,3178484352.2281165,1382,True
366,2032.0,21474582.450378224,7.139907052228073,3183084184.865205,1384,True
367,2031.0,24408229.46967115,6.099410592479449,3245181925.465899,1411,True
368,,1994068.6791579085,1.8817071542457842,0.0,0,True
369,,5998001.655442844,4.266249343642077,0.0,0,True
370,,19021112.6687703,6.342932574598246,0.0,0,True
371,2031.0,22102062.847551078,6.616523420585449,3275080837.6069746,1424,True
372,,29307759.668378856,7.189438335124681,0.0,0,False
373,2031.0,27752111.23992071,6.812247201249896,3275080837.6069736,1424,True
374,,1845349.325812699,1.8298354489714028,0.0,0,True
375,2032.0,26374111.246931314,7.348865190958953,3176184435.9095716,1381,True
376,,6580080.180943179,3.5892311962618497,0.0,0,True
377,2031.0,24163749.157868505,6.9878720371786915,3249781758.1029863,1413,True
378,2032.0,27192738.699710242,7.685224547131729,3201483515.4135585,1392,True
379,2031.0,19716144.940806694,6.695811726545788,3272780921.2884297,1423,True
380,,1067830.213064173,1.001576257724229,0.0,0,True
381,,5093659.324190011,3.787815964132677,0.0,0,True
382,,1666619.220006601,1.8638419935248476,0.0,0,True
383,2031.0,26640596.049434878,6.256656792227954,3258981423.3771644,1417,True
384,2032.0,19302435.391478606,7.643333343144688,3189983933.8208375,1387,True
385,,28734849.807575166,6.895813543965092,0.0,0,False
386,2031.0,21739649.282596387,6.897806111125173,3242882009.147355,1410,True
387,2031.0,28390684.492836412,6.896991098272774,3270481004.9698844,1422,True
388,2031.0,20932361.878178805,6.58298602435054,3252081674.421532,1414,True
389,,5409024.328077042,3.4399462068134996,0.0,0,True
390,2031.0,23508296.860993948,6.124765530521849,3256681507.058619,1416,True
391,,1146366.9118147953,1.7648914753589602,0.0,0,True
392,2031.0,26044899.160896022,6.389319227577624,3258981423.3771644,1417,True
393,2031.0,24124696.433506828,6.44129107514064,3265881172.332797,1420,True
394,2032.0,23747552.88351809,7.310555056677523,3206083348.050647,1394,True
395,,6103215.012226664,3.341397548341974,0.0,0,True
396,2031.0,26585881.874978676,6.896245845894791,3265881172.332797,1420,True
397,,5226177.143918113,3.238765419423021,0.0,0,True
398,,26622678.862311162,5.856897319307142,0.0,0,False
399,2031.0,23508696.961885087,6.514418720922765,3279680670.244062,1426,True
400,2031.0,18650647.971670724,6.6648874912120055,3254381590.740076,1415,True
401,,1480051.8953764208,1.65019394116217,0.0,0,True
402,,1799124.440624897,1.7904459479513841,0.0,0,True
403,,5244027.45613868,3.213701750097827,0.0,0,True
404,,975310.7068755243,1.8197200863920409,0.0,0,True
405,2032.0,23057944.95766413,7.495773756598906,3160085021.6797633,1374,True
406,2032.0,26235928.57299667,7.222910860682797,3171584603.272484,1379,True
407,2032.0,25941505.456692804,7.07652150156177,3194583766.4579268,1389,True
408,,1185697.7440246649,1.424426934010691,0.0,0,True
409,2031.0,25966273.609923594,6.959263996003732,3258981423.3771644,1417,True
410,2031.0,23300968.693105087,6.264930134234559,3270481004.9698844,1422,True
411,2032.0,22476770.81066211,7.112996269259592,3183084184.865205,1384,True
412,,26032353.84548585,6.683700211627546,0.0,0,False
413,,1890287.2352856623,1.3353036878628548,0.0,0,False
414,2030.0,21894516.453094877,5.791760677773914,3350978076.1189337,1457,True
415,2032.0,30537716.37851835,7.419489342936416,3183084184.8652053,1384,True
416,2032.0,24101622.964649808,7.179128606211313,3164684854.3168507,1376,True
417,2032.0,19154695.570020076,7.155903951130069,3173884519.591028,1380,True
418,,4642652.968140962,3.8102304021663813,0.0,0,True
419,2031.0,25886325.263071932,6.698250522063018,3265881172.332797,1420,True
420,,4513415.883211776,3.69766916759737,0.0,0,True
421,,23767974.68062513,6.492101829440266,0.0,0,True
422,2031.0,27693958.868092407,6.535736486967276,3263581256.014252,1419,True
423,2032.0,21301455.489139766,7.113101697787308,3139385774.8128653,1365,True
424,2031.0,19399752.31770919,6.118160275142518,3275080837.6069736,1424,True
425,2031.0,20810930.671039384,6.729231690973356,3270481004.9698844,1422,True
426,2031.0,23813737.00342732,6.079667551507379,3261281339.6957083,1418,True
427,2031.0,19667929.441416852,6.122944547875569,3265881172.3327975,1420,True
428,,5022241.986010498,3.001813359908603,0.0,0,True
429,,25951538.94820424,6.810130916272201,0.0,0,False
430,,5815055.217010381,3.0016786844798014,0.0,0,False
431,2031.0,19557558.05510001,6.5719872788043885,3252081674.4215307,1414,True
432,2032.0,24084174.816882823,7.1487388015151785,3194583766.4579268,1389,True
433,2031.0,26721187.741822273,6.9703152832839885,3268181088.651341,1421,True
434,,920931.5976924272,1.4161270095743927,0.0,0,True
435,2033.0,21199605.971890353,8.077917143089834,3114086695.3088784,1354,True
436,2031.0,23435290.74880673,6.002361794478163,3275080837.606974,1424,True
437,2032.0,21427339.55281531,7.17900231583261,3171584603.2724833,1379,True
438,,827746.3628724538,1.0641074721192298,0.0,0,True
439,,6329575.398571748,3.484510185226748,0.0,0,True
440,,25837176.224758428,6.940627575284126,0.0,0,False
441,,15249178.923528885,4.914440977492765,0.0,0,False
442,2031.0,20525712.901381943,6.576753441154159,3245181925.4658985,1411,True
443,,6413631.931610411,3.1258621429457936,0.0,0,True
444,,5570830.460821044,3.278296370930139,0.0,0,True
445,2031.0,22175364.21615472,6.27003262903625,3254381590.740076,1415,True
446,2032.0,26257666.939784165,7.193218785600347,3183084184.865205,1384,True
447,,26149244.70366093,6.877473918565912,0.0,0,False
448,2030.0,23399813.9561723,5.795864373589469,3325678996.6149454,1446,True
449,2032.0,24192293.092020705,7.358925086852325,3178484352.2281165,1382,True
450,,1271025.0206610183,1.7804329048766903,0.0,0,True
451,,1928482.3837160734,1.938621125696263,0.0,0,True
452,2032.0,30148064.35926467,7.336467927833171,3176184435.9095726,1381,True
453,2032.0,25726848.66232378,7.182730977942697,3178484352.2281165,1382,True
454,,1938791.4877846586,1.530503119615817,0.0,0,True
455,2031.0,26624075.944776405,6.353431099874349,3263581256.0142527,1419,True
456,2031.0,29503785.11195436,6.746283652775376,3268181088.6513405,1421,True
457,,873329.9105697665,1.7690035040723884,0.0,0,True
458,2031.0,26200441.96212244,6.595791650255764,3288880335.5182385,1430,True
459,,1887383.8074801022,1.944863040692811,0.0,0,True
460,2031.0,23254662.773202267,6.917761867239337,3249781758.102988,1413,True
461,2032.0,20849815.73488867,7.06548975321577,3187684017.5022936,1386,True
462,,4672478.879630074,4.029561292954987,0.0,0,True
463,,6628697.066564638,3.7429360122190425,0.0,0,True
464,,6138686.078037855,3.836108061227323,0.0,0,True
465,,6272594.68971836,3.760303109753727,0.0,0,True
466,2032.0,20141269.120907076,7.500552279026912,3169284686.95394,1378,True
467,2031.0,28097172.487572327,6.98509320988768,3268181088.651342,1421,True
468,2032.0,21984703.643452503,7.253902425074819,3189983933.8208385,1387,True
469,,7224118.859033184,3.9213509159251476,0.0,0,True
470,2032.0,18311322.356068335,7.008188330972491,3153185272.7241306,1371,True
471,,913730.7214028413,1.9736448633376364,0.0,0,True
472,2031.0,21474090.170922894,6.61574845835709,3291180251.836784,1431,True
473,,5458723.394162345,3.1896988807204,0.0,0,True
474,,18700381.825422898,5.874139429389505,0.0,0,True
475,,1341891.0952364537,1.7607271189432763,0.0,0,True
476,2031.0,22572257.090380553,6.367439615694566,3279680670.244062,1426,True
477,,1866442.1999741858,1.8844326347415228,0.0,0,True
478,2031.0,19445548.735969327,6.711897602459655,3270481004.9698863,1422,True
479,,15268642.849392254,6.160023218835194,0.0,0,True
480,2031.0,26979489.579117466,6.034852735738978,3256681507.0586195,1416,True
481,2031.0,23620342.955568943,6.242380161508419,3286580419.199694,1429,True
482,2031.0,24429687.621544663,6.882571046160177,3245181925.4658985,1411,True
483,,23007850.262572132,6.799073084296551,0.0,0,False
484,2031.0,22356248.020939186,6.720351838168311,3286580419.199696,1429,True
485,2031.0,24725840.128244463,6.881505402121386,3256681507.05862,1416,True
486,2030.0,21136537.477575082,5.607224785381756,3339478494.5262117,1452,True
487,2031.0,25345259.2205325,6.5826041878475925,3245181925.4659,1411,True
488,2032.0,28400567.205983073,7.5637460686125255,3192283850.139381,1388,True
489,,912417.0974150702,1.2136395752661695,0.0,0,True
490,2032.0,27844419.579729572,7.3598360937635565,3187684017.5022936,1386,True
491,2031.0,21585543.719087,6.457530922343759,3249781758.102987,1413,True
492,,7903031.001903005,4.213749998371528,0.0,0,True
493,,18339491.000965446,6.403149710736507,0.0,0,True
494,,7674799.601901525,3.126278110400116,0.0,0,True
495,2032.0,19969809.952437006,7.000434018892643,3180784268.5466614,1383,True
496,,1801808.4862284255,1.6888242051333764,0.0,0,True
497,2031.0,19392698.845533375,6.968131176467206,3268181088.6513414,1421,True
498,,17957885.207644314,6.055380086821257,0.0,0,True
499,2031.0,20126947.061477177,6.2685584855711305,3258981423.377164,1417,True
500,2032.0,20778172.99327419,7.968130505829764,3194583766.4579253,1389,True
501,,26533468.024694886,6.868096921145244,0.0,0,False
502,2032.0,22741821.308432348,7.025523316535111,3189983933.820838,1387,True
503,2032.0,26360004.877516605,7.169788984118696,3173884519.591027,1380,True
504,2032.0,23803742.150916975,7.45053620106981,3194583766.4579263,1389,True
505,2031.0,19899588.001270354,6.642744452854831,3265881172.332796,1420,True
506,,1984163.7149987516,1.9488217377335757,0.0,0,True
507,2032.0,23219744.5470225,7.05447467052195,3176184435.9095726,1381,True
508,,1646711.0814854014,1.4206747312802177,0.0,0,True
509,2032.0,30166627.218314238,7.373995330455853,3180784268.5466614,1383,True
510,2031.0,29049572.88030325,6.669795820074414,3265881172.332797,1420,True
511,2032.0,19422973.187071927,7.362579655369597,3173884519.5910287,1380,True
512,,1522753.8997145095,1.4486183596436204,0.0,0,True
513,2031.0,23816808.65510025,6.561055578268304,3256681507.058621,1416,True
514,2031.0,27785660.57450539,6.260610195907674,3270481004.969885,1422,True
515,,1853946.9518769702,1.0013991425789328,0.0,0,True
516,2031.0,21811490.970847692,6.630203112308595,3304979749.748049,1437,True
517,2031.0,25053027.573224206,6.095695530716823,3281980586.562607,1427,True
518,2031.0,27295351.307776485,6.752075250126328,3279680670.244062,1426,True
519,,1977976.6802791085,1.195793877286087,0.0,0,True
520,2032.0,19196096.663920492,7.224850218747654,3192283850.139382,1388,True
521,2031.0,21632711.91646491,6.350657782034557,3263581256.014253,1419,True
522,2031.0,22025504.309232246,6.767938074864056,3288880335.5182395,1430,True
523,2031.0,27905481.499742493,6.330154327831608,3254381590.740076,1415,True
524,,19183846.49065711,6.776377001374992,0.0,0,True
525,2032.0,22439272.10853088,7.004955556119439,3169284686.9539394,1378,True
526,2032.0,20556830.72116451,7.66341915655334,3166984770.6353955,1377,True
527,2031.0,26591005.245357517,6.63787695949195,3245181925.4658976,1411,True
528,2031.0,18760737.280453365,6.801936319115573,3277380753.9255176,1425,True
529,2031.0,27080188.57970514,6.1186981705188455,3249781758.102988,1413,True
530,2031.0,25404093.018538043,6.786194821330466,3233682343.8731785,1406,True
531,,25942541.034283876,5.038063043684254,0.0,0,True
532,2031.0,26797437.14745859,6.464805755310277,3256681507.05862,1416,True
533,2031.0,21737189.353350997,6.952992210090012,3265881172.332797,1420,True
534,2032.0,18678952.03174532,7.000045450036439,3215283013.324825,1398,True
535,2031.0,17797895.270727415,6.298049404516354,3286580419.199694,1429,True
536,2031.0,21739882.1353487,6.141591068481896,3261281339.6957083,1418,True
537,,25995848.44053688,7.1101051532464865,0.0,0,False
538,,1524141.297868052,1.7642772969265765,0.0,0,False
539,,1744437.4493885823,1.066574585071538,0.0,0,False
540,2031.0,22685426.159821205,6.605059909531224,3284280502.881151,1428,True
541,,26539420.440273486,7.170478998191265,0.0,0,False
542,2031.0,28060574.733119264,6.530877787720417,3249781758.1029882,1413,True
543,,1312163.5182529788,1.5275015429568073,0.0,0,True
544,2031.0,21884881.86063583,6.95684747049873,3249781758.1029873,1413,True
545,,1106065.8437790924,1.0248322808887003,0.0,0,True
546,,4947043.00266071,3.163914961960397,0.0,0,True
547,2031.0,21122720.31390836,6.4090554272153994,3277380753.9255176,1425,True
548,,1537981.5750384794,1.582929596831831,0.0,0,True
549,,1974582.2363870824,1.3349547503595656,0.0,0,True
550,2031.0,23890506.400277108,6.188439972163612,3263581256.0142527,1419,True
551,,4074221.2281232183,3.2435843753311557,0.0,0,True
552,,5996521.783718522,3.962635180959376,0.0,0,True
553,,6404993.375075351,3.666477443237327,0.0,0,True
554,,6847758.8715489,3.525518517239023,0.0,0,True
555,,5658810.195632296,3.9025708468396147,0.0,0,True
556,,5352748.340564357,3.6397082644476866,0.0,0,True
557,,6878861.540413646,3.242883298751087,0.0,0,True
558,,850614.1211170994,1.7883638450795094,0.0,0,True
559,2031.0,21937895.674336784,6.586702416932468,3275080837.6069746,1424,True
560,2031.0,25533587.44554987,6.961517465160404,3261281339.6957073,1418,True
561,2032.0,21225469.546313968,7.08260566076521,3189983933.820838,1387,True
562,,1601440.1103470128,1.5342687191757216,0.0,0,True
563,2031.0,25655688.392221846,6.334576476325447,3272780921.2884293,1423,True
564,2031.0,28254702.57447919,6.367333308195614,3288880335.5182395,1430,True
565,,5319823.978488068,3.909012751969634,0.0,0,True
566,,1302298.1070604878,1.224076383869211,0.0,0,True
567,,20440477.263717428,4.951264512486826,0.0,0,True
568,,1360402.5872939015,1.922046609809258,0.0,0,True
569,2032.0,23550213.98685849,7.457289907646759,3183084184.8652053,1384,True
570,2031.0,25861739.24355453,6.31105100190184,3261281339.6957088,1418,True
571,2032.0,22552857.58669386,7.5389067539511,3212983097.0062804,1397,True
572,2030.0,30009682.054439943,5.834323110264922,3364777574.030198,1463,True
573,2031.0,22481942.614024192,6.604981133791105,3256681507.05862,1416,True
574,2031.0,21351348.200524367,6.189439732271834,3263581256.014252,1419,True
575,2031.0,27733495.935293064,6.657793569912851,3268181088.651341,1421,True
576,2031.0,27028970.88256902,6.616780038397522,3249781758.1029863,1413,True
577,2032.0,25222885.138205256,7.067748484324595,3157785105.361218,1373,True
578,2030.0,27045319.986346044,5.890624994623612,3364777574.030198,1463,True
579,,4633996.703715383,3.9603231445620106,0.0,0,True
580,2031.0,28938275.822422363,6.6634829206444,3249781758.1029882,1413,True
581,2031.0,26849457.231528666,6.815959074156978,3281980586.5626063,1427,True
582,,4660799.522697899,3.199972209785778,0.0,0,True
583,2031.0,25065705.432581306,6.394713988710255,3275080837.606973,1424,True
584,2030.0,17773582.824635874,5.974276147713265,3357877825.074566,1460,True
585,2032.0,22783951.505692013,7.534945369479451,3173884519.591028,1380,True
586,,1694790.8683425947,1.7610336508838627,0.0,0,True
587,2031.0,23935215.903932955,6.3990445886843705,3275080837.606973,1424,True
588,,829363.0238892717,1.5567442801314488,0.0,0,True
589,2031.0,26174423.390043586,6.481982794354659,3254381590.7400765,1415,True
590,2030.0,26598204.38434305,5.972888755819784,3353277992.4374776,1458,True
591,2031.0,26023285.302293003,6.373568969503165,3261281339.6957073,1418,True
592,2031.0,26024838.02442894,6.814694475079061,3277380753.925518,1425,True
593,,6157991.665073325,3.807362049567285,0.0,0,True
594,2031.0,21448317.29825791,6.90893173666763,3249781758.1029873,1413,True
595,,1751659.5300145498,1.2453943222377322,0.0,0,True
596,,1810622.751246072,1.0584408209888976,0.0,0,True
597,2030.0,21046261.148224033,5.75076920623341,3355577908.7560215,1459,True
598,2031.0,23171016.011990797,6.528118303666648,3256681507.05862,1416,True
599,2031.0,28542764.279786002,6.623042820660952,3277380753.925518,1425,True
600,2032.0,20045838.74364598,7.280294492634403,3178484352.2281165,1382,True
601,2031.0,18643596.53456685,6.766224367237684,3286580419.199695,1429,True
602,2032.0,25364649.052078094,7.257595739186805,3199183599.0950146,1391,True
603,,1980335.1589151744,1.1716089748059417,0.0,0,True
604,,22995926.79697248,6.904658030173539,0.0,0,False
605,,990965.7461855132,1.719894389117675,0.0,0,False
606,2032.0,28558487.818625033,7.011667655615875,3160085021.6797633,1374,True
607,,24205920.925954234,6.258742919975484,0.0,0,True
608,,6702879.781043424,3.2546123625397545,0.0,0,True
609,,21310376.109703764,7.10894657433286,0.0,0,True
610,,17408449.438994654,5.748924594188922,0.0,0,True
611,2031.0,22164280.100244157,6.535219137971074,3279680670.244063,1426,True
612,,24738502.40190252,6.556152654031399,0.0,0,False
613,2031.0,28796738.71698356,6.7912498599034175,3256681507.05862,1416,True
614,,1166864.827730154,1.5902352983435581,0.0,0,True
615,,4837095.062434122,3.892589431097255,0.0,0,True
616,,23953792.573864765,5.630298981321356,0.0,0,True
617,2031.0,21102064.344485328,6.197493232396938,3245181925.4658985,1411,True
618,2032.0,30570182.952202626,7.316328322506325,3169284686.95394,1378,True
619,,19566931.39448122,6.537534146562441,0.0,0,True
620,2031.0,22254465.991251074,6.0161688257679025,3258981423.3771653,1417,True
621,,24265751.738641743,6.496645907592136,0.0,0,True
622,,5103355.984812328,3.5812512853228435,0.0,0,True
623,,4789423.879645606,3.0320436414047784,0.0,0,True
624,,5439097.277610456,4.140904875586244,0.0,0,True
625,2031.0,28471892.10192602,6.750763022835578,3261281339.6957088,1418,True
626,2031.0,28251365.972063255,6.898789766157522,3258981423.377165,1417,True
627,2031.0,24971231.869211048,6.219945203269791,3284280502.881151,1428,True
628,2032.0,23231396.18210234,7.04267242915479,3199183599.0950136,1391,True
629,,5562652.58607183,3.775794267408693,0.0,0,True
630,2031.0,24173097.459023688,6.695349273994069,3249781758.1029863,1413,True
631,2031.0,29748075.91191837,6.370259535244346,3261281339.695709,1418,True
632,,20623542.685206756,6.042089742586196,0.0,0,False
633,2032.0,27932453.93414348,7.364362097070803,3192283850.139382,1388,True
634,2031.0,18347176.864311278,6.533185487123161,3288880335.518239,1430,True
635,,5081453.291688485,3.9669188846386096,0.0,0,True
636,,1010866.9541102351,1.5213330177248667,0.0,0,True
637,2031.0,23381010.87667381,6.35422094358146,3295780084.473872,1433,True
638,2031.0,22618442.104572922,6.6397396617052316,3240582092.8288107,1409,True
639,,1904844.0951650073,1.907347099125913,0.0,0,True
640,2031.0,18107090.5050462,6.07188018387806,3238282176.5102663,1408,True
641,2032.0,19316319.8859207,7.273530892186689,3189983933.820838,1387,True
642,2032.0,19962939.759032656,7.227173404445131,3194583766.457926,1389,True
643,2031.0,27154293.44215015,6.037103786758289,3263581256.014252,1419,True
644,,6636765.619755717,3.287288806905356,0.0,0,True
645,,1291860.2331988136,1.636232760495499,0.0,0,True
646,2030.0,29171381.539767597,5.938815448415529,3362477657.711654,1462,True
647,2033.0,24670823.089466255,8.097917990546456,3109486862.6717887,1352,True
648,,1795767.2884309373,1.8530636561908191,0.0,0,True
649,2032.0,27735553.526150182,7.007770892243809,3208383264.3691916,1395,True
650,2031.0,28109376.100881252,6.842698774542617,3275080837.6069736,1424,True
651,,6439333.652846671,3.067931756015576,0.0,0,True
652,,1735798.0450996729,1.7734125140595558,0.0,0,True
653,2031.0,26804009.58743256,6.934716001491153,3252081674.421531,1414,True
654,,24674993.907882165,5.59591465435188,0.0,0,True
655,2031.0,23535354.648663945,6.6917333417278995,3275080837.6069736,1424,True
656,,20374652.641920634,7.3540381623878,0.0,0,False
657,2032.0,22979555.908078182,7.6255471078926504,3173884519.591028,1380,True
658,,1596818.832408806,1.1709117043223822,0.0,0,True
659,2032.0,27018775.366288412,7.567239678818117,3169284686.9539394,1378,True
660,,1058330.451338465,1.2460661871893173,0.0,0,True
661,2031.0,25349899.376979563,6.6433099640894815,3295780084.473872,1433,True
662,,1878268.052587523,1.2133782416427694,0.0,0,True
663,,7170165.885022621,3.2995176880109867,0.0,0,True
664,2031.0,21888340.799580995,6.955200223291142,3293480168.1553288,1432,True
665,2032.0,27347101.335962147,7.490754666751476,3196883682.776469,1390,True
666,,20196501.546584558,7.254008363721435,0.0,0,False
667,2031.0,25749936.55217542,6.676475597034304,3268181088.651342,1421,True
668,2031.0,23210138.225264408,6.912674829481009,3272780921.2884293,1423,True
669,2031.0,22364958.128946677,6.948010433548835,3272780921.2884297,1423,True
670,2031.0,19349429.929943465,6.544423266197327,3281980586.562607,1427,True
671,,18251194.545058526,6.019112040014283,0.0,0,True
672,2032.0,19614643.591555946,7.418430695985889,3199183599.095014,1391,True
673,,1474861.3083141488,1.863253568578568,0.0,0,True
674,,6002924.583780637,3.3948028030204105,0.0,0,True
675,,1442482.4774021134,1.8810894057558618,0.0,0,True
676,2032.0,21703380.088553097,7.036604496007765,3150885356.4055853,1370,True
677,2030.0,22447670.369642343,5.9367848605445985,3348678159.8003883,1456,True
678,2032.0,27784592.42066867,7.373212884282181,3189983933.8208375,1387,True
679,2031.0,26725164.065545674,6.587859361254779,3263581256.014253,1419,True
680,,4224066.588664428,3.112508019501413,0.0,0,True
681,2031.0,26004353.068145562,6.939584744901363,3261281339.6957088,1418,True
682,2031.0,24975266.679875582,6.975454913994122,3249781758.1029873,1413,True
683,2031.0,18037516.455263223,6.380540854199078,3261281339.695708,1418,True
684,2031.0,30142953.314408697,6.889598807803927,3277380753.925518,1425,True
685,2031.0,23170948.59448676,6.4703304011477405,3261281339.695708,1418,True
686,,1714324.7443690638,1.7090284792824049,0.0,0,True
687,2031.0,22110538.007818572,6.476751160539317,3258981423.3771644,1417,True
688,2031.0,27149805.268206187,6.746044652980269,3256681507.05862,1416,True
689,2031.0,22249243.236931447,6.3490041280056,3254381590.7400765,1415,True
690,,25995416.78946434,6.792927684261793,0.0,0,False
691,2031.0,24669703.579130933,6.360066658796126,3256681507.058619,1416,True
692,2032.0,21850418.344507832,7.27957333781448,3231382427.554634,1405,True
693,2031.0,18699181.48281736,6.13093140211171,3268181088.651342,1421,True
694,2031.0,21982930.186118774,6.15305555981928,3265881172.3327975,1420,True
695,2030.0,23401810.998589333,5.714214162716022,3360177741.3931103,1461,True
696,,1575751.310507217,1.0314983242698532,0.0,0,True
697,2031.0,25013495.809439905,6.731007968406326,3245181925.465898,1411,True
698,,1254864.0073566479,1.2934125927930835,0.0,0,True
699,2031.0,21074100.837079868,6.627187983238806,3270481004.969885,1422,True
700,2031.0,24906663.856273107,6.881637296137336,3245181925.465899,1411,True
701,,23418628.249074873,6.350978673126198,0.0,0,False
702,2031.0,23145391.301677585,6.680040613790831,3265881172.3327975,1420,True
703,2031.0,21464558.195554763,6.346160347080933,3295780084.473872,1433,True
704,2032.0,20329838.43144121,7.54506974022824,3183084184.865205,1384,True
705,,5906363.123519962,3.2909003664531307,0.0,0,True
706,,6130771.055355534,4.213510535299246,0.0,0,True
707,,6756472.697188347,3.8330092402010996,0.0,0,True
708,,5531970.226511568,3.1882335148722976,0.0,0,True
709,2031.0,20745095.276671838,6.760940057007511,3275080837.6069736,1424,True
710,,6180601.660988037,2.984897006184051,0.0,0,True
711,2031.0,21783959.30772827,6.673421440300402,3268181088.6513414,1421,True
712,2031.0,30477340.785366565,6.8427653206816235,3256681507.05862,1416,True
713,,1439766.4198680362,1.7562788340548119,0.0,0,True
714,2032.0,22956410.916652095,7.480848987181593,3183084184.8652043,1384,True
715,2030.0,29952639.279835567,5.4667810700155846,3337178578.207668,1451,True
716,,1445107.124464759,1.7895643176746165,0.0,0,True
717,,6279956.164414676,2.9939695897812575,0.0,0,True
718,2031.0,25975798.81056957,6.734971163684954,3279680670.244063,1426,True
719,2031.0,28564179.349804882,6.483524152920692,3286580419.199695,1429,True
720,,1572575.1949947393,1.1271344446792648,0.0,0,True
721,2033.0,20472631.462726492,8.087400983269479,3077288034.21217,1338,True
722,,1550812.8722318902,1.4172724903464307,0.0,0,True
723,,5413584.496194018,3.23087662631933,0.0,0,True
724,2031.0,28451471.795732368,6.610343949171377,3286580419.1996946,1429,True
725,2032.0,24328610.82664401,7.082806114677487,3171584603.2724833,1379,True
726,2031.0,27200034.806902915,6.341287829955948,3263581256.0142517,1419,True
727,,24891795.348761424,6.351817979012472,0.0,0,False
728,2032.0,27917044.294317182,7.081628736228726,3162384937.998307,1375,True
729,2032.0,28360918.077322744,7.056198247744229,3208383264.3691916,1395,True
730,2031.0,26092834.337932196,6.570190564586133,3265881172.3327975,1420,True
731,,19125117.26618519,5.018004560564795,0.0,0,True
732,2031.0,22011298.593605414,6.809925226523458,3242882009.1473546,1410,True
733,2031.0,28064684.747372244,6.535525165712527,3245181925.4658985,1411,True
734,,6999125.997136897,3.453934727216124,0.0,0,True
735,2032.0,25353689.840061687,7.240615052703042,3187684017.5022926,1386,True
736,,5027523.709006425,3.6597252912333333,0.0,0,True
737,2031.0,24883593.12816841,6.678106301011653,3279680670.2440624,1426,True
738,,7546260.727178436,3.6202777820579524,0.0,0,True
739,,18515823.054768827,5.61852946424436,0.0,0,True
740,2031.0,27407017.61210957,6.4946815737703805,3265881172.332797,1420,True
741,2031.0,23754691.475792848,6.566912415626358,3249781758.102988,1413,True
742,2031.0,27050617.322294142,6.487773959807971,3288880335.5182395,1430,True
743,2032.0,24303729.06149943,7.007257339122385,3185384101.183749,1385,True
744,,28358200.78647531,6.4582700379122295,0.0,0,False
745,,5044978.384147572,2.972624085458686,0.0,0,False
746,2033.0,21567398.366703797,8.02471561773087,3097987281.0790677,1347,True
747,,4449287.962822632,4.335710251601082,0.0,0,True
748,,6101525.9910477055,2.985395002853517,0.0,0,True
749,2031.0,28552522.050794404,6.642230369629721,3254381590.7400756,1415,True
750,2032.0,24072367.917537216,7.187794355765552,3189983933.8208375,1387,True
751,2031.0,21333296.27119346,6.690002522119771,3258981423.377164,1417,True
752,2031.0,27055416.713201452,6.581494522772298,3258981423.377164,1417,True
753,,1275648.706421732,1.3813478175297131,0.0,0,True
754,2031.0,24369799.800180472,6.404822591913874,3265881172.332797,1420,True
755,2031.0,24652155.159056664,6.533460932287431,3240582092.8288097,1409,True
756,,5444592.472909661,3.9657148135782747,0.0,0,True
757,2031.0,23119104.71314227,6.754151909027357,3252081674.4215307,1414,True
758,,1569195.7305372935,1.7032270837687995,0.0,0,True
759,2031.0,26121197.81618037,6.984362865773594,3247481841.784443,1412,True
760,,1080119.427847302,1.3843569231763277,0.0,0,True
761,,4709898.660088567,2.9865370468475545,0.0,0,True
762,2031.0,24097762.804589145,6.874041989399589,3279680670.2440615,1426,True
763,2032.0,30555274.49736789,7.374591239438648,3192283850.139382,1388,True
764,2031.0,26394699.558806468,6.652655615037863,3258981423.3771644,1417,True
765,,1181028.7280970681,1.872320902392345,0.0,0,True
766,2031.0,18715056.928791642,6.762570014725817,3256681507.0586205,1416,True
767,2031.0,21236421.6933803,6.644959426833282,3256681507.05862,1416,True
768,2032.0,24883505.396061603,7.696183902827228,3203783431.7321033,1393,True
769,,7290345.438563791,3.593308487968852,0.0,0,True
770,2032.0,19468273.262925647,7.0483912165003435,3173884519.5910277,1380,True
771,2032.0,23820302.14468837,7.380483964785342,3166984770.6353946,1377,True
772,,1142039.309857829,1.4058222262062068,0.0,0,True
773,2031.0,21292887.042575784,6.58444400306143,3277380753.9255176,1425,True
774,,24252457.63891022,6.442375857790667,0.0,0,True
775,,996518.043858324,1.7989287709073218,0.0,0,True
776,,1508837.4099525078,1.2943306593022403,0.0,0,True
777,,18428933.530116357,6.5777030079459555,0.0,0,False
778,2031.0,29463826.399817057,6.157467702040741,3261281339.695708,1418,True
779,2032.0,28033858.678814955,7.0732385555621,3199183599.095014,1391,True
780,,1441831.8103395281,1.1740068561123707,0.0,0,True
781,,1704406.901027585,1.9469973041918491,0.0,0,True
782,2031.0,29534570.131533973,6.221419980998363,3249781758.1029873,1413,True
783,,6767409.886547425,4.034928755317541,0.0,0,True
784,2031.0,31702289.31808854,6.500615874044091,3298080000.792416,1434,True
785,2031.0,27341576.25384609,6.42490519058002,3245181925.4658995,1411,True
786,,6159288.9976420235,3.674871768000635,0.0,0,True
787,,19617657.930861816,5.470093308008619,0.0,0,True
788,2031.0,25152788.400944147,6.9225666402563855,3265881172.3327975,1420,True
789,2031.0,27012051.68649462,6.721982142555304,3268181088.651341,1421,True
790,,1317310.3691946808,1.8391451060689392,0.0,0,True
791,2032.0,22720754.669709004,7.429017226960431,3178484352.228116,1382,True
792,,23721256.11716623,6.6839301747489355,0.0,0,True
793,,5601165.040939437,2.857414368788554,0.0,0,True
794,,5972610.703236541,3.666592420800518,0.0,0,True
795,2031.0,27714329.712740958,6.5376254022744105,3270481004.969886,1422,True
796,,4627607.325983049,3.274404867749035,0.0,0,True
797,,1645162.4319193093,1.584572180691187,0.0,0,True
798,,6561511.042031594,3.807143900386417,0.0,0,True
799,,4074221.070270626,2.8967094589857574,0.0,0,True
800,2032.0,22715815.942423746,7.237313134171713,3208383264.3691916,1395,True
801,2031.0,26979581.114390593,6.437995738193767,3265881172.3327966,1420,True
802,,5638431.062977899,3.175147883008446,0.0,0,True
803,2031.0,26776803.011778727,6.56313348246388,3261281339.695709,1418,True
804,2030.0,26442299.171405014,5.598858617677276,3355577908.756022,1459,True
805,,6505839.48767864,3.9267715150944738,0.0,0,True
806,2031.0,27343017.333276276,6.3674234331492965,3293480168.155327,1432,True
807,,5278352.186547343,3.6265500150173837,0.0,0,True
808,2031.0,22217192.587194078,6.638010380400621,3265881172.3327975,1420,True
809,2031.0,20392619.189505517,6.12930055835508,3268181088.6513414,1421,True
810,2031.0,23692340.002174944,6.7325744466775115,3247481841.784444,1412,True
811,2031.0,27530883.778818227,6.4702320166808125,3291180251.8367834,1431,True
812,2031.0,23497243.651291195,6.320864797282674,3258981423.377164,1417,True
813,2031.0,29044165.978674073,6.5823853541752,3265881172.332797,1420,True
814,2031.0,25095493.70881615,6.732486470556217,3263581256.0142527,1419,True
815,2031.0,28225176.729787573,6.4817581712929035,3291180251.836784,1431,True
816,2031.0,28739416.5454719,6.082688776302695,3258981423.377165,1417,True
817,,21165400.02790432,5.917442242081583,0.0,0,True
818,,1859917.8601488944,1.2217337818425495,0.0,0,True
819,2031.0,25799567.526089676,6.644374637239133,3258981423.3771644,1417,True
820,2031.0,22420501.240639254,6.326597343871139,3249781758.1029873,1413,True
821,2031.0,27059929.338322535,6.688735501997794,3286580419.1996946,1429,True
822,,22146929.77610281,5.144543522634741,0.0,0,True
823,,21645986.582642537,5.988788778470816,0.0,0,True
824,2032.0,32382515.629055314,7.129293027527274,3187684017.502293,1386,True
825,2031.0,22864020.048754014,6.62252724521873,3222182762.2804565,1401,True
826,,25364038.48811876,6.252709904301915,0.0,0,True
827,,5804717.558336437,3.1381135222486014,0.0,0,True
828,,7011361.632306667,2.818645163363352,0.0,0,True
829,2031.0,20872268.153187342,6.284076291142586,3284280502.8811502,1428,True
830,,1639361.2165575551,1.598926197343508,0.0,0,True
831,2031.0,30083861.681440834,6.643696890270709,3254381590.7400765,1415,True
832,,1829515.9542579092,1.87468324747199,0.0,0,True
833,2031.0,23303744.082830273,6.837710383486791,3265881172.332797,1420,True
834,2031.0,28593251.050146747,6.486057440711801,3245181925.4658995,1411,True
835,2031.0,20601170.51785344,6.634234558162699,3249781758.1029873,1413,True
836,,6940342.494300483,3.18356712575563,0.0,0,True
837,2032.0,22287803.149157286,7.270065913867867,3185384101.1837506,1385,True
838,2032.0,30278869.51742421,7.58998348173156,3187684017.502293,1386,True
839,,6002044.04616006,2.7704620524996146,0.0,0,True
840,,5727977.078786465,3.2861230039276377,0.0,0,True
841,,22368191.40852561,7.608655185710948,0.0,0,False
842,2030.0,28286581.20349065,5.986639353343342,3339478494.5262117,1452,True
843,,1431499.3392172307,1.8003905629951185,0.0,0,True
844,2032.0,25456092.71388889,7.497899042002453,3196883682.7764707,1390,True
845,,916469.2469727548,1.1360210288976016,0.0,0,True
846,2031.0,26732649.063196838,6.2334478327560205,3252081674.421531,1414,True
847,,1764780.8873153124,1.766402412581325,0.0,0,True
848,2031.0,20877306.5169057,6.105250050637025,3258981423.377164,1417,True
849,2032.0,23152800.312861584,7.0255315157031575,3196883682.7764707,1390,True
850,2032.0,27605447.621774495,7.76513642705074,3203783431.7321024,1393,True
851,2031.0,24852952.559239835,6.679263545754126,3275080837.6069736,1424,True
852,2031.0,18791195.801415544,6.626563265163582,3252081674.4215317,1414,True
853,2031.0,29053829.054151166,6.77316605849965,3281980586.562606,1427,True
854,2031.0,29706749.15852946,6.898139963041931,3222182762.2804565,1401,True
855,2031.0,24200185.249244787,6.671797270868398,3247481841.784445,1412,True
856,,850553.7271996296,1.1857384870632972,0.0,0,True
857,2032.0,20419437.11810736,7.244313002953479,3160085021.6797624,1374,True
858,,25078472.700185575,6.018020940676838,0.0,0,True
859,,1473381.9560058112,1.7303450727074958,0.0,0,True
860,2032.0,23590707.134919137,7.512123323974866,3206083348.050647,1394,True
861,,23329454.27565196,6.438038906721246,0.0,0,True
862,,7265467.549839834,3.8642604495318436,0.0,0,True
863,2031.0,24852872.588741265,6.742190110136825,3265881172.3327966,1420,True
864,2031.0,29466955.850613385,6.2327726389411655,3263581256.0142527,1419,True
865,2031.0,26683421.062690016,6.420744189305012,3304979749.7480474,1437,True
866,2031.0,28373585.668045092,6.3230145199627605,3265881172.3327975,1420,True
867,2031.0,24931455.698414158,6.44940610369564,3268181088.6513405,1421,True
868,2032.0,22403425.86187542,7.359622345233966,3187684017.502293,1386,True
869,2032.0,23841948.809825853,7.403110398460319,3157785105.361219,1373,True
870,2031.0,25135429.83927652,6.292118165712415,3247481841.7844434,1412,True
871,2032.0,23963370.33817349,7.053924121586364,3180784268.5466614,1383,True
872,,22094749.222173467,7.012706599547406,0.0,0,False
873,,1558079.392999713,1.2521482891918505,0.0,0,False
874,2032.0,20377905.056307968,7.018697800157726,3187684017.5022926,1386,True
875,2031.0,28121136.712807238,6.552172522168253,3261281339.695709,1418,True
876,2031.0,25697225.046467654,6.5894253978123505,3265881172.332797,1420,True
877,,22985928.229816712,5.91410371795655,0.0,0,True
878,,5829816.912366569,3.694772005452055,0.0,0,True
879,,6691263.770109128,4.188535720397125,0.0,0,True
880,2031.0,27952148.77133988,6.2805191188269065,3263581256.0142536,1419,True
881,2031.0,21596347.578969304,6.989264073126345,3258981423.377164,1417,True
882,2031.0,24136391.001961116,6.968856363273653,3242882009.1473546,1410,True
883,2030.0,23523095.711506028,5.97327184431297,3360177741.3931103,1461,True
884,,1419980.7598401145,1.6952495350126773,0.0,0,True
885,,5772927.930519456,3.8585837233566886,0.0,0,True
886,2030.0,24524008.23471524,5.8394334850127425,3348678159.80039,1456,True
887,,20950074.304507464,6.391710270478582,0.0,0,False
888,2032.0,22444007.621262215,7.264137222000342,3196883682.77647,1390,True
889,2033.0,23872971.08237632,8.127245287088202,3104887030.0347013,1350,True
890,2031.0,21223541.710301064,6.727045631399588,3229082511.2360888,1404,True
891,2031.0,30803341.72091411,6.894462811437108,3268181088.6513414,1421,True
892,,17964753.953402128,5.081423457933663,0.0,0,True
893,2032.0,25138111.231773794,7.21120234370805,3150885356.4055853,1370,True
894,,7313638.762125194,4.065003014835518,0.0,0,True
895,,4873889.769836899,3.3006787986127053,0.0,0,True
896,,1260825.0650523743,1.02094643145207,0.0,0,True
897,2031.0,25393901.526618224,6.086350185927242,3258981423.3771644,1417,True
898,2031.0,21358488.65648611,6.621070465221876,3270481004.9698853,1422,True
899,2030.0,23212620.264867082,5.7158564797385365,3355577908.756023,1459,True
900,2031.0,21660011.4236788,6.11690745595362,3270481004.969885,1422,True
901,2030.0,24435869.38333889,5.895583172587653,3348678159.800389,1456,True
902,2031.0,21835209.081774086,6.45719343671091,3265881172.3327966,1420,True
903,2031.0,31249193.444855,6.556996063633448,3277380753.925518,1425,True
904,2031.0,27569667.694267973,6.374247020006734,3277380753.925518,1425,True
905,2031.0,21950076.484600827,6.467672916185585,3281980586.5626063,1427,True
906,,15919518.407219848,6.8921366795840635,0.0,0,True
907,2031.0,25977407.855123755,6.568244610432383,3286580419.1996956,1429,True
908,2030.0,22706644.392654937,5.993366776372292,3364777574.0301995,1463,True
909,2031.0,26190171.426394816,6.079150790465217,3279680670.244063,1426,True
910,,18368151.798031136,7.297653612232293,0.0,0,False
911,2031.0,25223788.244152036,6.712656450580554,3268181088.651342,1421,True
912,,1958437.6138668673,1.6484377696376424,0.0,0,True
913,2031.0,20995415.156091165,6.390004580145744,3279680670.244063,1426,True
914,,900305.3238927851,1.7407280865287231,0.0,0,True
915,2032.0,24058695.13358132,7.472245402434104,3164684854.3168516,1376,True
916,2031.0,24044904.454390522,6.393019664093862,3247481841.784444,1412,True
917,2031.0,27432752.2981278,6.721404612755018,3252081674.421531,1414,True
918,,24262157.3597791,6.703245750961038,0.0,0,True
919,2032.0,23793589.67554401,7.616318952626052,3178484352.228116,1382,True
920,,6080739.92588092,3.1794444568525733,0.0,0,True
921,2031.0,24050123.839329522,6.3927926316109565,3261281339.695708,1418,True
922,,18528842.094943468,5.905942149183883,0.0,0,False
923,2031.0,21033497.50548786,6.124930704480734,3272780921.2884293,1423,True
924,2032.0,20443041.337903984,7.419957924658931,3194583766.457926,1389,True
925,,1882675.4644639418,1.4813397928129026,0.0,0,True
926,2030.0,29521086.18159526,5.775322132933361,3355577908.7560215,1459,True
927,2031.0,19983048.212105144,6.620049873154836,3258981423.377164,1417,True
928,2032.0,25239060.688900262,7.407129229330009,3189983933.8208375,1387,True
929,2032.0,20942287.24918025,7.272803431474953,3226782594.9175453,1403,True
930,,6984834.061070049,2.8399986334350498,0.0,0,True
931,2030.0,19378413.188748606,5.624582619352552,3367077490.348743,1464,True
932,2032.0,23629980.38946521,7.882933661858692,3187684017.502294,1386,True
933,2031.0,26029990.063626267,6.3931253773875305,3279680670.244063,1426,True
934,2031.0,26649396.287147887,6.544546321989407,3252081674.421531,1414,True
935,,1306151.3098923569,1.8847370114290605,0.0,0,True
936,2032.0,20035976.545505643,7.267563701724113,3187684017.5022936,1386,True
937,,19587743.225641448,5.319110196917235,0.0,0,True
938,2031.0,18753223.423114233,6.8075519777355655,3270481004.969885,1422,True
939,,960423.8921758743,1.3844368248019572,0.0,0,True
940,2032.0,23479939.93844496,7.469145596979686,3155485189.042674,1372,True
941,2030.0,22157104.267723672,5.935628734607538,3367077490.348743,1464,True
942,,20052905.449477553,7.161127509548919,0.0,0,False
943,,1937214.5066603802,1.3251702414058921,0.0,0,False
944,2031.0,24690535.43435208,6.269845419347992,3256681507.058619,1416,True
945,2031.0,24868719.91413099,6.915593660270282,3270481004.9698853,1422,True
946,2032.0,26557771.025875337,7.315923714763206,3189983933.8208365,1387,True
947,2032.0,25369088.113900844,7.436866747153768,3176184435.9095726,1381,True
948,2031.0,24446309.305897962,6.685928135567027,3242882009.1473546,1410,True
949,,6009168.380528379,3.19396779763058,0.0,0,True
950,2032.0,19987394.59657377,7.069198243602986,3199183599.0950136,1391,True
951,2032.0,25585242.506110612,7.042019527717572,3173884519.591028,1380,True
952,2031.0,21046548.010762833,6.899779577572425,3277380753.925518,1425,True
953,,5734907.119949197,3.0636880715158537,0.0,0,True
954,2030.0,30245156.18094616,5.874747511310689,3334878661.889124,1450,True
955,,3998597.9588059955,4.096235656666686,0.0,0,True
956,,4896912.262847219,3.5469287387821486,0.0,0,True
957,,1415156.2300142017,1.7920791803393086,0.0,0,True
958,,1330374.974200714,1.2039017742617113,0.0,0,True
959,2031.0,27998755.882724103,6.880318028421623,3270481004.9698853,1422,True
960,2031.0,22560101.817436494,6.850477232359528,3272780921.2884297,1423,True
961,,5988835.130389577,2.9568377295753985,0.0,0,True
962,2032.0,20845850.263544105,7.4818321121339135,3180784268.546661,1383,True
963,2031.0,23701786.038459487,6.590688541448792,3258981423.377165,1417,True
964,2031.0,25026000.276535146,6.4924233177723,3286580419.199694,1429,True
965,2031.0,25772962.01595199,6.073524963350822,3277380753.925518,1425,True
966,,4496075.958770488,3.7524512661416987,0.0,0,True
967,,4741781.01175083,3.3038045230374564,0.0,0,True
968,2030.0,23609989.940564066,5.899956830657576,3360177741.3931103,1461,True
969,,5340033.3448967,3.4449522979660405,0.0,0,True
970,2032.0,27735868.166800972,7.369604395941451,3187684017.5022945,1386,True
971,2031.0,29339398.292391684,6.522145902451294,3268181088.6513414,1421,True
972,2031.0,25238318.12779747,6.2695229315275895,3238282176.510266,1408,True
973,2031.0,27886561.806460626,6.155141677855109,3270481004.969885,1422,True
974,,21721487.282567315,7.338755137882257,0.0,0,False
975,,17045339.20030322,5.914847437016433,0.0,0,False
976,2031.0,23018137.23296224,6.883244117130551,3263581256.0142527,1419,True
977,2032.0,24364386.827542912,7.745075492547039,3194583766.457926,1389,True
978,,1662998.2264673796,1.227199024523565,0.0,0,True
979,2031.0,20731263.530428402,6.0162567501369875,3263581256.014252,1419,True
980,,6902052.69152771,3.7195739912865453,0.0,0,True
981,2032.0,23419815.347703062,7.255613402282009,3194583766.4579263,1389,True
982,2031.0,30226126.154722825,6.642173473122113,3286580419.199694,1429,True
983,2031.0,22123977.548839312,6.153164629943331,3238282176.5102663,1408,True
984,2031.0,29436627.05492519,6.801938417804303,3258981423.377165,1417,True
985,,1554389.4518120359,1.7628048705764048,0.0,0,True
986,,1241051.827833626,1.3159838874499346,0.0,0,True
987,2031.0,22336369.809463535,6.367781590359906,3261281339.695708,1418,True
988,2031.0,21067585.528636314,6.149870381131217,3263581256.0142527,1419,True
989,2031.0,23406090.183685206,6.343700096707334,3258981423.377165,1417,True
990,,1094830.256770379,1.4607730354434212,0.0,0,True
991,,21197514.36251393,6.202358027495098,0.0,0,True
992,2031.0,25988550.40718774,6.98975055220246,3268181088.651342,1421,True
993,2031.0,28995001.786172807,6.711815268957142,3235982260.191722,1407,True
994,2031.0,19859266.379395317,6.589411639396381,3281980586.5626054,1427,True
995,,7184696.911181863,3.6068767414970657,0.0,0,True
996,2032.0,27843873.120395288,7.253941591826727,3217582929.6433687,1399,True
997,2030.0,26323326.96340459,5.9903879937678575,3355577908.7560215,1459,True
998,,1502693.6498765047,1.9123963173743528,0.0,0,True
999,,926192.0475798886,1.1762178100616338,0.0,0,True
